Time,co2,temp,hum,lux,rad
0,202.5454545,17.42919743,55.92243926,353.667,2.7939693
300,203,17.43429791,57.43877956,218.335,1.7248465
600,202.5,17.32157732,56.62121505,404.251,3.1935829
900,202.4722222,17.23651277,56.70019299,535.8794444,4.233447611
1200,202,17.1300911,56.67976534,765.0014286,6.043511286
1500,201.8571429,17.04474943,61.26827797,969.58125,7.659691875
1800,201.8125,17.02498515,76.44618536,802.7075,6.34138925
2100,201.6111111,16.98226882,79.98092237,724.47875,5.723382125
2400,201.5,16.92680137,80.12555071,914.2577778,7.222636445
2700,201.625,16.92297603,80.39229182,968.54,7.651466
3000,201.0625,16.92425114,67.77284985,979.79,7.740341
3300,200.3571429,16.9395525,61.00555067,879.305,6.9465095
3600,200.6111111,16.96505478,68.4312203,603.43875,4.767166125
3900,200.5625,17.02371004,67.94678731,769.48,6.078892
4200,200.3125,17.11105544,67.69885572,994.9988889,7.860491222
4500,,,,,0
4800,200,17.21561504,64.33428883,1012.60375,7.999569625
5100,200,17.61281502,62.41287182,1464.0625,11.56609375
5400,200,17.56244763,62.49462207,996.97875,7.876132125
5700,200,17.40681199,62.96687631,953.7955556,7.534984889
6000,200,17.27108264,63.06753429,1114.585,8.8052215
6300,200,17.12826951,62.99977091,323.645,2.5567955
6600,200.0625,17.00075798,63.29893144,283.23,2.237517
6900,200,16.87239655,63.20282142,390.7411111,3.086854778
7200,200,17.15504724,62.08867673,720.3125,5.69046875
7500,200,17.64214284,62.02478543,15346.5625,121.2378438
7800,200,17.69130594,61.60149429,5337.776667,42.16843567
8100,200,17.89334249,60.63678212,13244.89625,104.6346804
8400,200,17.86465215,59.78525444,5964.89625,47.12268038
8700,200,17.72757614,59.58749164,7190.73125,56.80677688
9000,200,17.46461748,59.89593145,668.4255556,5.280561889
9300,200,17.27771325,60.14237607,186,1.4694
9600,200,17.1206188,60.26965418,251.25,1.984875
9900,200.5,17.07216441,60.17112742,274.5825,2.16920175
10200,200.5,17.00267064,60.57731825,235.10625,1.857339375
10500,200.5,16.95485387,61.73437812,266.25,2.103375
10800,200.5,16.97327218,63.70392214,481.1111111,3.800777778
11100,200.5,17.03582363,64.91329948,907.29125,7.167600875
11400,200.5,17.01287156,65.61449265,389.16625,3.074413375
11700,200.5,16.99757019,65.74918237,375.41625,2.965788375
12000,200.8125,16.99254057,65.92435896,406.1122222,3.208286555
12300,201,16.97589324,66.01141478,300.8325,2.37657675
12600,201,16.96250455,66.24769795,259.0625,2.04659375
12900,201,16.94210273,66.14807547,191.0177778,1.509040445
13200,201,16.91341268,65.7857328,138.75,1.096125
13500,201,16.89173576,65.33310957,113.12625,0.893697375
13800,201,16.87515929,64.6227485,88.4375,0.69865625
14100,201,16.85482834,64.0199798,63.70333333,0.503256333
14400,201.1875,16.83881859,63.71708329,24.16625,0.190913375
14700,201.5,16.82096703,63.5699827,11.98125,0.094651875
15000,201.5,16.80099028,63.40661374,5.10375,0.040319625
15300,201.5,16.7910019,63.34985938,2.777777778,0.021944444
15600,201.5,16.78080101,63.32702663,2.915,0.0230285
15900,201.5,16.76932501,63.29021065,1.8775,0.01483225
16200,201.5,16.76132015,63.20899286,1.67,0.013193
16500,201.5,16.74892324,63.05881791,0,0
16800,201.5,16.74637302,62.8680655,0,0
17100,201.5,16.74318524,62.69466288,0,0
17400,201.6875,16.72561705,62.55464156,0,0
17700,201.8125,16.70429437,62.50818554,0,0
18000,201.6111111,16.68708039,62.49125132,0,0
18300,201.5625,16.66327834,62.54754164,0,0
18600,201.5,16.63543845,62.57957033,0,0
18900,201.5,16.61886203,62.61970397,0,0
19200,201.5,16.60547339,62.57585171,0,0
19500,201.5,16.58903866,62.48230093,0,0
19800,201.5,16.57487079,62.47820917,0,0
20100,201.5,16.55574416,62.50707579,0,0
20400,201.875,16.56148215,62.45522604,0,0
20700,201.6875,16.58280479,62.1518117,0,0
21000,202,16.59909785,61.71853146,0,0
21300,202,16.60356073,61.52744695,0,0
21600,202,16.60320653,61.41827465,0,0
21900,202,16.60037296,61.26915755,0,0
22200,202,16.59654763,61.14511104,0,0
22500,202,16.59335986,61.01274467,0,0
22800,202,16.59300566,60.87471986,0,0
23100,202,16.59017209,60.74537916,0,0
23400,202,16.58634676,60.64846056,0,0
23700,202,16.58110465,60.55804213,1.387777778,0.010963444
24000,202,16.57295812,60.48077858,0,0
24300,202,16.5691328,60.39290501,0,0
24600,202,16.5621197,60.31739999,0,0
24900,202,16.55276891,60.21518067,0,0
25200,202,16.55128129,60.14288645,0,0
25500,202,16.54044287,60.07972278,0,0
25800,202,16.52832935,60.02693748,0,0
26100,202,16.51593247,59.96099561,0,0
26400,202,16.5041023,59.88170659,0,0
26700,202,16.49198879,59.81918526,0,0
27000,202,16.48192961,59.75707441,0,0
27300,201.5,16.46903686,59.69838582,0,0
27600,201.5,16.45692335,59.65535549,0,0
27900,201.5,16.44353473,59.59138984,0,0
28200,201.5,16.43489234,59.52038504,0,0
28500,201.5,16.42950856,59.45432999,0,0
28800,201.4444444,16.41994526,59.39472696,0,0
29100,201,16.40542322,59.33218496,0,0
29400,201,16.39826846,59.27331752,0,0
29700,201,16.38934272,59.22905807,0,0
30000,201,16.37914188,59.18126082,0,0
30300,201,16.37142041,59.12956042,0,0
30600,200.5,16.37085369,59.06396837,0,0
30900,200.5,16.38105454,59.00598898,0,0
31200,200.5,16.39805594,58.8982132,0,0
31500,200.5,16.41229463,58.74784326,0,0
31800,200.5,16.42313303,58.61191888,0,0
32100,200.2222222,16.43460898,58.48505988,0,0
32400,200,16.44055948,58.38354343,0,0
32700,200,16.43779675,58.32858029,0,0
33000,200,16.43524654,58.29087497,0,0
33300,200,16.42412478,58.26957023,0,0
33600,200,16.41356973,58.27250048,0,0
33900,200,16.39826846,58.27529529,0,0
34200,200,16.38360475,58.27254989,0,0
34500,200,16.37085369,58.27522642,0,0
34800,200,16.35810264,58.27071069,0,0
35100,200,16.34662669,58.27506815,0,0
35400,200,16.33175047,58.26357478,0,0
35700,200,16.32048704,58.26693621,0,0
36000,200,16.31283642,58.27703222,0,0
36300,200,16.29817271,58.28194157,0,0
36600,200,16.28584671,58.28749677,0,0
36900,200,16.2784086,58.29705968,0,0
37200,200,16.26948287,58.3043132,0,0
37500,200,16.25800694,58.30240566,0,0
37800,200,16.24844366,58.30932064,0,0
38100,200,16.24079304,58.30998159,0,0
38400,200,16.2254918,58.29955233,0,0
38700,200,16.22067474,58.29075426,0,0
39000,200,16.21401587,58.28720805,0,0
39300,200,16.20317749,58.24984536,0,0
39600,200,16.19106401,58.24373595,0,0
39900,200,16.18270501,58.22102004,0,0
40200,200,16.17129992,58.19484443,0,0
40500,200,16.16683706,58.17655583,0,0
40800,200,16.15606953,58.15798589,0,0
41100,200,16.14579788,58.16378822,0,0
41400,200,16.13878481,58.15234385,0,0
41700,200,16.12667134,58.14623733,0,0
42000,200,16.1215001,58.10326169,0,0
42300,200,16.12029584,58.0791687,0,0
42600,200,16.12220849,58.09247169,0,0
42900,200,16.13340105,58.10131845,0,0
43200,200,16.14834808,58.05537089,0,0
43500,200,16.159824,57.92647078,0,0
43800,200,16.17958809,57.78818052,0,0
44100,200,16.19233912,57.65985078,0,0
44400,200,16.20764035,57.54515078,0,0
44700,200,16.21210321,57.46322328,0,0
45000,200,16.22010803,57.40557099,0,0
45300,200,16.22612935,57.34551082,0,0
45600,200,16.23314242,57.30335456,0,0
45900,200,16.23760528,57.24229498,0,0
46200,200,16.24334324,57.20178163,0,0
46500,200,16.25163142,57.1273449,0,0
46800,200,16.26565756,57.05971966,0,0
47100,200,16.26771189,57.0209008,0,0
47400,200,16.2771335,56.98153944,0,0
47700,200,16.28095881,56.95106887,0,0
48000,200,16.28669678,56.93320875,0,0
48300,200,16.28698013,56.92393828,4.17,0.032943
48600,200,16.28223391,56.93580667,4.3775,0.03458225
48900,200,16.25673183,57.01131168,10.6225,0.08391775
49200,200,16.22294159,57.13309171,13.855,0.1094545
49500,200,16.20424008,57.20754488,18.05333333,0.142621333
49800,200,16.19425177,57.25506474,23.33125,0.184316875
50100,200,16.18405095,57.28455566,29.7925,0.23536075
50400,200,16.16627035,57.33397914,32.96111111,0.260392778
50700,200,16.1585489,57.40037572,40.93625,0.323396375
51000,200,16.14388522,57.45889257,52.2925,0.41311075
51300,200,16.12922155,57.53062448,68.54125,0.541475875
51600,200,16.11979996,57.5997944,88.88888889,0.702222222
51900,200,16.10818237,57.65286258,115.2075,0.91013925
52200,200,16.10244441,57.70131371,141.66625,1.119163375
52500,200,16.10435706,57.72296477,166.66625,1.316663375
52800,200,16.10166518,57.70475837,186.0177778,1.469540445
53100,200,16.09798156,57.69346598,212.50125,1.678759875
53400,200,16.09989421,57.69007078,223.3325,1.76432675
53700,200,16.09826491,57.68543894,229.3544444,1.811900111
54000,200,16.10180686,57.66997841,242.39625,1.914930375
54300,200,16.10244441,57.65330859,248.645,1.9642955
54600,200,16.10435706,57.62695395,258.3325,2.04082675
54900,200,16.02232565,57.06560419,270.0922222,2.133728555
55200,200,15.38711535,55.78774961,247.29,1.953591
55500,200,15.3813774,55.1731647,288.75,2.281125
55800,200,15.50321953,55.07940006,284.9077778,2.250771445
56100,200,15.60324355,54.99248027,279.48125,2.207901875
56400,200,15.67974925,54.93971931,268.75,2.123125
56700,200,15.73649102,54.92098134,234.89375,1.855660625
57000,200,15.79677476,54.97117639,208.2411111,1.645104778
57300,200,15.83403594,55.02414722,215.625,1.7034375
57600,200,15.8544375,55.04370555,260.835,2.0605965
57900,200,15.87101378,55.12435882,215.5225,1.70262775
58200,200,15.89141535,55.18505789,287.7777778,2.273444445
58500,200,15.92329282,55.22934258,341.5625,2.69834375
58800,200,15.95325765,55.27990022,379.68875,2.999541125
59100,200,15.96735459,55.3401403,367.5922222,2.903978555
59400,200,15.9717466,55.39196703,398.85375,3.150944625
59700,200,15.9819474,55.41602369,411.45875,3.250524125
60000,200,16.00815779,55.42151927,397.915,3.1435285
60300,200,16.0304012,55.45130194,415.9266667,3.285820667
60600,200,16.06482892,55.43940341,488.85375,3.861944625
60900,200,16.10371951,55.41514348,494.27125,3.904742875
61200,200,16.13623461,55.39983865,512.1277778,4.045809445
61500,200,16.17066237,55.37385071,508.43875,4.016666125
61800,200,16.2044526,55.34311318,499.89625,3.949180375
62100,200,16.24617681,55.26291526,524.895,4.1466705
62400,200,16.28478412,55.18598741,475.2777778,3.754694445
62700,200,16.30454824,55.13518997,477.71,3.773909
63000,200,16.31984949,55.12462194,490.625,3.8759375
63300,200,16.24787704,54.75967709,552.5,4.36475
63600,200,15.92329282,54.14766245,571.145,4.5120455
63900,200,15.5165376,52.17193249,867.9175,6.85654825
64200,200,14.93828428,51.84506323,700.4175,5.53329825
64500,200,15.19493096,51.58497125,678.8911111,5.363239778
64800,200,15.47190894,51.30958656,632.29125,4.995100875
65100,200,15.682937,51.19391927,620.10375,4.898819625
65400,200,15.85174564,51.22824735,511.4811111,4.040700778
65700,200,15.989598,51.4265138,595.8325,4.70707675
66000,200,16.09543136,51.54532976,576.04125,4.550725875
66300,200,16.17895054,51.61333339,652.70875,5.156399125
66600,200,16.23314242,51.7797119,618.8877778,4.889213445
66900,200,16.26502001,52.02932966,618.43625,4.885646375
67200,200,16.28542167,52.20703459,612.5,4.83875
67500,200,16.29378069,52.41054801,529.7925,4.18536075
67800,200,16.29179719,52.6234078,446.1111111,3.524277778
68100,200,16.29370985,52.79215552,414.585,3.2752215
68400,200,16.28287146,52.93817525,322.29,2.546091
68700,200,16.26204477,53.06255401,203.6111111,1.608527778
69000,200,16.25800694,53.20985732,221.66625,1.751163375
69300,200,16.29498495,53.34490411,525.00125,4.147509875
69600,200,16.33260054,53.59637928,587.8125,4.64371875
69900,200,16.36348642,53.93576287,596.2966667,4.710743667
70200,200,16.36320306,54.28596533,342.70875,2.707399125
70500,,16.38743006,54.40808506,301.87375,2.384802625
70800,,16.35700969,55.05127843,278.0942857,2.196944857
71100,,16.35746509,55.26536853,433.54125,3.424975875
71400,,16.37467901,55.48546246,441.9057143,3.491055143
71700,,16.39198401,55.72775392,516.66875,4.081683125
72000,,16.40209378,55.98667759,583.645,4.6107955
72300,,16.41311434,56.15209839,596.9042857,4.715543857
72600,,16.39890602,56.15580831,680.52,5.376108
72900,,16.43907186,56.11980019,771.35375,6.093694625
73200,,16.45318911,56.27789147,568.9271429,4.494524429
73500,,16.47860016,56.41465204,665.4175,5.25679825
73800,,16.51366561,56.52405196,,0
74100,,16.52450402,56.66869345,,0
74400,,16.51047784,56.89937276,,0
74700,,16.4888921,57.10642417,,0
75000,,16.46648665,57.23113149,,0
75300,,16.43078367,57.30691119,,0
75600,,16.40400644,57.32108817,,0
75900,,16.3963558,57.32215455,,0
76200,,,,,0
76500,201,16.54681841,57.38150085,470,3.713
76800,258.6428571,16.65052725,57.18249556,656.11,5.183269
77100,403,16.7207433,56.86937257,751.833,5.9394807
77400,403,16.76826242,56.79161354,848.4033333,6.702386333
77700,403.75,16.87208743,56.63516723,876.8945455,6.927466909
78000,404,16.90384933,56.45742942,858.4033333,6.781386333
78300,404,16.91984621,56.44797637,632.5754545,4.997346091
78600,404,16.92850152,56.43936708,831.3183333,6.567414833
78900,404,16.94442112,56.40839799,878.4090909,6.939431818
79200,404,16.97038707,56.38459299,880.6818182,6.957386364
79500,404,16.99693263,56.32542934,1004.861667,7.938407169
79800,404,17.02046429,56.28160833,1037.651818,8.197449362
80100,404,17.04028653,56.2569526,1082.639167,8.552849419
80400,404,17.05686302,56.23296818,1101.25,8.699875
80700,404,17.0584859,56.24508124,867.9554545,6.856848091
81000,404,17.05941325,56.25780086,882.8790909,6.974744818
81300,404,17.06748898,56.26687406,930.6933333,7.352477333
81600,404,17.03854773,56.34066655,728.4081818,5.754424636
81900,404,16.9943824,56.47410704,481.5966667,3.804613667
82200,404.25,16.98568844,56.48106783,765.0009091,6.043507182
82500,405,16.99225721,56.45263489,842.2908333,6.654097583
82800,405,17.01072705,56.41208471,980.8327273,7.748578546
83100,404.75,16.9096454,54.7043227,1120.38,8.851002
83400,401.7272727,16.34917704,51.01206411,1363.4025,10.77087975
83700,400,15.96467562,49.2633011,1343.181818,10.61113636
84000,400,15.93944408,49.160991,1023.749167,8.087618419
84300,400,16.07734812,49.00078939,1124.166364,8.880914276
84600,400,16.27352072,48.86718886,1107.221667,8.747051169
84900,400,16.42185793,48.93692555,934.3936364,7.381709728
85200,400,16.3383965,48.87862103,1212.045455,9.575159095
85500,400,16.06950435,48.27602022,1059.721667,8.371801169
85800,400,15.72866661,47.59226006,757.8018182,5.986634364
86100,400,15.3971036,46.69290969,1046.874167,8.270305919
86400,400,15.00951521,46.39690123,669.5463636,5.289416272
86700,400,15.12210925,46.6705055,236.3183333,1.866914833
87000,400,15.37766806,47.920825,193.1063636,1.525540272
87300,400,15.59281097,49.00084853,172.8781818,1.365737636
87600,400,15.76475567,49.50473238,143.3325,1.13232675
87900,400,15.87843254,49.56385202,125.4536364,0.991083728
88200,400,15.97132157,49.39604056,161.7358333,1.277713083
88500,400,16.05370077,49.42120807,226.2118182,1.787073364
88800,400,16.13835978,49.75123933,222.1525,1.75500475
89100,400,16.2085677,49.96989307,314.0881818,2.481296636
89400,400,16.28461024,50.13269676,501.7427273,3.963767546
89700,400,16.35045201,50.32736569,542.6391667,4.286849417
90000,400,16.3963558,50.60804557,459.9236364,3.633396728
90300,460.6363636,16.38190461,51.24758821,295.9716667,2.338176167
90600,1071,16.45987928,51.09741621,258.4845455,2.042027909
90900,402.4545455,16.48008779,51.51926994,157.1533333,1.241511333
91200,402,16.45802458,52.10993267,121.59,0.960561
91500,402.8333333,16.4519968,52.65192484,135.8318182,1.073071364
91800,403,16.470737,53.08633456,165.8316667,1.310070167
92100,403,16.5062468,53.62228003,168.4827273,1.331013546
92400,403.5454545,16.53831769,54.41933344,140.4858333,1.109838083
92700,404,16.57023403,55.05731661,120.2281818,0.949802636
93000,404.3636364,16.5914472,55.36137493,113.2641667,0.894786917
93300,405,16.60871912,55.85712303,100.3772727,0.792980454
93600,405,16.6348009,56.70480582,100.8333333,0.796583333
93900,405,16.66018716,57.64599442,96.74272727,0.764267545
94200,405,16.67595216,58.52408238,86.13636364,0.680477273
94500,405.7272727,16.69430601,59.2456885,72.01416667,0.568911917
94800,406,16.71397362,59.61727397,64.54636364,0.509916273
95100,406,16.72873399,59.72174925,47.22333333,0.373064333
95400,406,16.73947583,59.70559459,50.45454545,0.398590909
95700,406.7272727,16.74998583,59.6466343,65.06916667,0.514046417
96000,407,16.75153142,59.61906514,61.06090909,0.482381182
96300,407,16.7461605,59.55824851,47.80181818,0.377634364
96600,407,16.70470009,59.32362004,41.94416667,0.331358917
96900,407,16.71119156,59.39280035,18.25454545,0.144210909
97200,407.2727273,16.71768303,59.39859313,14.17,0.111943
97500,408,16.71304626,59.34325739,9.32,0.073628
97800,408,16.69983149,59.28308781,6.67,0.052693
98100,408,16.68568936,59.24828248,5.754545455,0.045460909
98400,408,16.67135403,59.21861863,5,0.0395
98700,408,16.65230467,59.1869635,5,0.0395
99000,408,16.63862622,59.14096075,4.17,0.032943
99300,408,16.62494778,59.08441033,4.930833333,0.038953583
99600,408,16.61428323,59.04897474,5,0.0395
99900,408,16.60929872,59.05604317,3.33,0.026307
100200,408,16.60269134,59.06615851,2.047272727,0.016173455
100500,408,16.59484749,59.06094116,0.83,0.006557
100800,408,16.58460798,59.07291235,0.83,0.006557
101100,408,16.577421,59.1005099,0.83,0.006557
101400,408,16.56745197,59.12527617,0.069166667,0.000546417
101700,408,16.55910581,59.13197486,0,0
102000,408.4545455,16.55319395,59.14857503,0,0
102300,409,16.55029598,59.14978975,0,0
102600,409,16.5455433,59.14450488,0,0
102900,409,16.54241349,59.16865962,0,0
103200,409,16.53789265,59.21747086,0,0
103500,409,16.53360365,59.3029092,0,0
103800,409,16.52939194,59.36974402,0,0
104100,409,16.51922971,59.43435366,0,0
104400,409,16.51459296,59.4984202,0,0
104700,409,16.50984029,59.53725438,0,0
105000,409,16.50021902,59.57720463,0,0
105300,409.7272727,16.49113871,59.60131937,0,0
105600,410,16.48352671,59.63866255,0,0
105900,410,16.47286218,59.6816355,0,0
106200,410,16.46544338,59.70865142,0,0
106500,410,16.46034295,59.73472299,0,0
106800,410,16.45118537,59.75574862,0,0
107100,410,16.45292415,59.75207898,0,0
107400,410,16.4575609,59.74863313,0,0
107700,410,16.4668344,59.71479127,0,0
108000,410,16.47966275,59.6763944,0,0
108300,410.1666667,16.49094552,59.63142548,0,0
108600,411.6363636,16.50856518,59.57756041,0,0
108900,413.1818182,16.52433014,59.51710604,0,0
109200,415.1666667,16.53777673,59.47927347,0,0
109500,412.6363636,16.42100792,58.29097718,0,0
109800,409,16.28924699,58.361315,0,0
110100,408,16.36405313,59.00612969,0,0
110400,408,16.41907587,59.01256227,0,0
110700,408.4545455,16.46138622,58.76703132,0,0
111000,408.8333333,16.49001817,58.59819488,0,0
111300,408,16.50686504,58.53103095,0,0
111600,408,16.51320193,58.50406094,0,0
111900,408,16.51412928,58.48334312,0,0
112200,408,16.50473986,58.48684239,0,0
112500,408,16.49558227,58.49364311,0,0
112800,408,16.48136289,58.51038218,0,0
113100,408,16.46961645,58.52740111,0,0
113400,407.2727273,16.45458565,58.54768675,0,0
113700,407,16.44411432,58.57535008,0,0
114000,407,16.4312087,58.59070928,0,0
114300,407,16.41814852,58.61365363,0,0
114600,407,16.40841135,58.63092662,0,0
114900,407,16.39380559,58.64700631,0,0
115200,406.5833333,16.38198189,58.65654741,0,0
115500,406,16.36872852,58.66256384,0,0
115800,406,16.3578708,58.67366624,0,0
116100,406,16.34832683,58.67879698,0,0
116400,406,16.33932382,58.67889107,0,0
116700,406,16.33047536,58.69050587,0,0
117000,405.3636364,16.31845847,58.68704554,0,0
117300,405,16.31335805,58.6954153,0,0
117600,405,16.30157299,58.70449042,0,0
117900,405,16.29481108,58.72341036,0,0
118200,404.9090909,16.28712181,58.72191896,0,0
118500,404,16.27950983,58.72928656,0,0
118800,404,16.27023634,58.74100524,0,0
119100,404,16.26289483,58.74956529,0,0
119400,404,16.25354407,58.77262213,0,0
119700,404,16.24121807,58.77686169,0,0
120000,403.75,16.23592446,58.78850832,0,0
120300,403,16.22931711,58.80692447,0,0
120600,403,16.22479629,58.82543631,0,0
120900,403,16.2144409,58.83592031,0,0
121200,403,16.20903137,58.82723835,0,0
121500,403,16.20253994,58.83857502,0,0
121800,402.3636364,16.19446429,58.85122918,0,0
122100,402,16.18770238,58.84345449,0,0
122400,402,16.18086319,58.84318055,0,0
122700,402,16.17657421,58.829281,0,0
123000,402,16.17958809,58.7828349,0,0
123300,402,16.19187544,58.73183878,0,0
123600,402,16.1997579,58.62544604,0,0
123900,401.3636364,16.21911628,58.44792706,0,0
124200,401,16.23917018,58.28315057,0,0
124500,401,16.25566925,58.16196914,0,0
124800,401,16.27023634,58.06894649,0,0
125100,401,16.28712181,57.97036544,0,0
125400,401,16.29944782,57.87790075,0,0
125700,401,16.31007369,57.82011304,0,0
126000,400.75,16.32309521,57.75339867,0,0
126300,400,16.32912298,57.70658192,0,0
126600,400,16.32835019,57.67334711,0,0
126900,400,16.32634093,57.68216123,0,0
127200,400,16.31772432,57.68123783,0,0
127500,400,16.30825763,57.72035296,0,0
127800,400,16.29349733,57.76324195,0,0
128100,400,16.27672778,57.81919971,0,0
128400,400,16.2611947,57.88153301,0,0
128700,400,16.24519794,57.92966924,0,0
129000,400,16.23128772,57.97662823,0,0
129300,400,16.22166649,58.02453252,0,0
129600,400,16.20764035,58.07831091,0,0
129900,400,16.20126484,58.14144987,0,0
130200,400,16.19048442,58.19038967,0,0
130500,400,16.18298836,58.24453334,0,0
130800,400,16.17750156,58.3021376,0,0
131100,400,16.17533775,58.34483694,2.726363636,0.021538273
131400,400,16.17750156,58.34565125,3.33,0.026307
131700,400,16.16822808,58.42163162,3.33,0.026307
132000,400,16.16131162,58.48194684,3.33,0.026307
132300,400,16.15849094,58.53198962,3.33,0.026307
132600,400,16.15323597,58.5882436,3.33,0.026307
132900,400,16.13762563,58.64486399,1.818181818,0.014363636
133200,400,16.10180686,58.73844571,0,0
133500,400,16.07549341,58.80235587,0,0
133800,400,16.04674568,58.81822366,0,0
134100,400,16.02615087,58.83278039,0,0
134400,400,16.0087245,58.82101711,0,0
134700,400,15.9921482,58.82147246,0,0
135000,400,15.97673108,58.80638979,0.83,0.006557
135300,400,15.96367097,58.79744258,1.67,0.013193
135600,400,15.94983807,58.7743022,1.67,0.013193
135900,400,15.93561878,58.75582213,2.569166667,0.020296417
136200,400,15.92294507,58.73159978,3.33,0.026307
136500,400,15.91367162,58.70639749,4.17,0.032943
136800,400,15.90331627,58.68712917,5.415,0.0427785
137100,400,15.90022513,58.66735282,7.575454545,0.059846091
137400,400,15.89396555,58.62876613,8.33,0.065807
137700,400,15.89466106,58.59884108,9.245454545,0.073039091
138000,400,15.89694078,58.58997101,10.2075,0.08063925
138300,400,15.91459897,58.6159344,15.07545455,0.119096091
138600,400,15.93476871,58.61256023,19.39636364,0.153231273
138900,400,15.9526201,58.52412625,23.125,0.1826875
139200,400,15.9730217,58.43251097,33.02909091,0.260929818
139500,400,15.98874793,58.35264266,35.07,0.277053
139800,400,15.99527799,58.2170542,42.42454545,0.335153909
140100,400,15.98874793,58.12175999,95.9,0.75761
140400,400,15.99620533,58.10734073,111.3645455,0.879779909
140700,400,16.01595006,58.06779831,122.7791667,0.969955417
141000,400,16.04674567,58.00387108,132.9527273,1.050326546
141300,400,16.05462812,57.9670386,136.9466667,1.081878667
141600,400,16.06853831,57.92237621,157.3472727,1.243043454
141900,400,16.0773481,57.87925639,177.8018182,1.404634364
142200,400,16.08353041,57.84634805,191.11,1.509769
142500,400,16.08847625,57.828141,211.5909091,1.671568182
142800,400,16.08395544,57.80277166,231.5275,1.82906725
143100,400,16.08198483,57.79193388,251.44,1.986376
143400,400,16.08183027,57.8045335,279.9308333,2.211453583
143700,400,16.07317504,57.81785574,294.0927273,2.323332546
144000,400,16.07545477,57.84135515,305.2783333,2.411698833
144300,400,16.08662156,57.87713552,307.9527273,2.432826546
144600,400,16.09357666,57.91235192,308.4845455,2.437027909
144900,400,16.10053176,57.93985343,304.0975,2.40237025
145200,400,16.10285013,57.96740319,296.5909091,2.343068182
145500,400,16.10520713,58.0026704,273.0533333,2.157121333
145800,400,16.10006809,58.05328821,231.6672727,1.830171454
146100,400.3636364,16.09373122,58.13340398,219.0958333,1.730857083
146400,400.8333333,16.07688443,58.18479988,202.8018182,1.602134364
146700,401,16.05845342,58.18190899,211.5154545,1.670972091
147000,401,16.05277342,58.17360321,256.3891667,2.025474417
147300,401,16.04906404,58.19923526,251.8954545,1.989974091
147600,401,16.05335302,58.26699999,250.1383333,1.976092833
147900,400.5833333,15.96745767,57.59665298,253.4836364,2.002520728
148200,400,15.86633842,57.7371153,274.5825,2.16920175
148500,400.25,15.93639157,57.64088596,287.1209091,2.268255182
148800,400,16.00702437,57.57588043,350.07,2.765553
149100,400,16.06807464,57.5201358,367.9545455,2.906840909
149400,401,16.11795815,57.50787223,353.5627273,2.793145546
149700,401,16.15339053,57.53141727,341.3191667,2.696421417
150000,401,16.17425584,57.58545851,430.6063636,3.401790272
150300,401,16.18213829,57.64889204,350.7641667,2.771036917
150600,401,16.18213829,57.72750174,321.9709091,2.543570182
150900,401,16.18298836,57.79041777,349.8608333,2.763900583
151200,401,16.1997579,57.79861726,374.2427273,2.956517546
151500,401,16.21486594,57.81037141,363.4016667,2.870873167
151800,401,16.20949505,57.84509804,355.9872727,2.812299454
152100,400.5454545,16.21784118,57.81282132,525.8333333,4.154083333
152400,401,16.25215305,57.79787667,545.5309091,4.309694182
152700,401,16.30222987,57.77779648,497.0454545,3.926659091
153000,402.4545455,16.39465567,57.66787441,525.0008333,4.147506583
153300,403.4166667,16.49743697,57.78076016,502.8790909,3.972744818
153600,404,16.54299309,57.32023411,338.9583333,2.677770833
153900,401.6666667,16.24844367,55.40332273,607.1963636,4.796851272
154200,402.8181818,16.28627175,55.64270855,413.7881818,3.268926636
154500,403.7272727,16.40655666,55.83044688,447.2233333,3.533064333
154800,404,16.51737502,56.18544221,469.3945455,3.708216909
155100,403.5454545,16.53406733,56.67372789,407.8483333,3.222001833
155400,403,16.56791565,57.30261919,361.5918182,2.856575364
155700,403,16.61439915,58.06605952,493.6116667,3.899532167
156000,403,16.6439585,58.64621966,596.8190909,4.714870818
156300,403,16.67900469,58.88333166,562.7091667,4.445402417
156600,403,16.71675568,58.84150861,590.5309091,4.665194182
156900,403,16.75933664,58.24458464,579.47,4.577813
157200,401.0909091,16.46729823,51.53510858,819.0983333,6.470876833
157500,400,15.94983814,48.33634014,702.1981818,5.547365636
157800,400,15.94539457,48.70930693,658.6108333,5.203025583
158100,400,16.17796525,49.10469581,613.1063636,4.843540272
158400,400,16.35725258,49.80893941,461.9433333,3.649352333
158700,400,16.49001817,50.52434498,452.2736364,3.572961728
159000,400,16.58719684,51.26471469,490.4158333,3.874285083
159300,400,16.65415937,52.06572876,421.6663636,3.331164272
159600,400,16.69913597,52.90947156,370.2263636,2.924788272
159900,400,16.73298436,53.8544166,406.9441667,3.214858917
160200,400,16.75895025,54.69769485,414.3181818,3.273113636
160500,400,16.77633812,55.16108591,410.4866667,3.242844667
160800,400,16.79975381,55.29260079,570.6790909,4.508364818
161100,400,16.83669341,55.3934914,698.7508333,5.520131583
161400,400,16.85354034,55.5568519,582.9554545,4.605348091
161700,400,16.84221889,55.73911477,382.3608333,3.020650583
162000,400,16.84102106,55.92505258,474.7718182,3.750697364
162300,400,16.84148474,56.099001,569.0909091,4.495818182
162600,400,16.84391904,56.24352728,584.0283333,4.613823833
162900,400,16.84751254,56.35784136,634.2418182,5.010510364
163200,400,16.85667016,56.42856281,542.0825,4.28245175
163500,400,16.8748695,56.44412992,665,5.2535
163800,400,16.85114469,54.68422319,641.8766667,5.070825667
164100,400,16.52247551,50.84691741,943.6372727,7.454734454
164400,400,16.39357376,51.34561722,629.6963636,4.974601272
164700,400,16.47073701,51.56969554,574.4458333,4.538122083
165000,400,16.52757587,51.88936506,567.9536364,4.486833728
165300,400,16.57954618,52.17337812,592.4308333,4.680203583
165600,400,16.62170205,52.50718417,662.0472727,5.230173454
165900,400,16.65987805,52.81632659,713.055,5.6331345
166200,400,16.6926445,53.13605487,769.6209091,6.080005182
166500,400,16.71490097,53.48482597,692.0454545,5.467159091
166800,400,16.73298436,53.8427979,571.8758333,4.517819083
167100,400,16.75663186,54.1391562,709.5454545,5.605409091
167400,400,16.74063503,51.4784845,933.6108333,7.375525583
167700,400,16.44967847,47.64317873,1112.425455,8.788161095
168000,400,16.38020447,48.22563395,804.0258333,6.351804083
168300,400,16.47610791,48.36138314,812.6518182,6.419949364
168600,400,16.54639337,48.61942285,571.4583333,4.514520833
168900,400,16.59480885,49.04104599,534.3190909,4.221120818
169200,400,16.6323666,49.52693722,561.3636364,4.434772728
169500,400,16.67985477,49.93307785,715.1391667,5.649599417
169800,400,16.73483906,50.24254546,902.1972727,7.127358454
170100,400,16.76528716,50.66708991,612.2916667,4.837104167
170400,400,16.77332422,51.1301859,512.5763636,4.049353272
170700,400,16.77633812,51.68480646,535.9025,4.23362975
171000,400.1818182,16.7798157,52.21322206,565.6063636,4.468290272
171300,400.5,16.75570452,51.84798512,642.7272727,5.077545454
171600,400.6363636,16.68070484,51.65079748,617.0825,4.87495175
171900,401,16.71536465,51.8914863,458.1818182,3.619636364
172200,401,16.74786065,52.21625481,487.2208333,3.849044583
172500,401,16.77796099,52.58063679,579.3181818,4.576613636
172800,400.7272727,16.83116792,53.03819385,771.5283333,6.095073833
173100,400,16.89063453,53.46690852,770.6063636,6.087790272
173400,400,16.93785235,53.83917917,652.2916667,5.153104167
173700,400,16.96945972,54.15426374,626.29,4.947691
174000,400,16.99125257,54.40320786,507.8790909,4.012244818
174300,400,17.00628347,54.62548022,467.6383333,3.694342833
174600,400,17.00887234,54.86057499,320.6063636,2.532790272
174900,400,16.99735767,55.0600764,300.9033333,2.377136333
175200,400,16.99217993,55.06140718,277.1227273,2.189269546
175500,400,17.01903461,55.16368055,419.5833333,3.314708333
175800,400.5833333,17.03112888,55.1983427,375.0763636,2.963103272
176100,401.2727273,17.04086612,55.32150626,257.8027273,2.036641546
176400,402,17.06578883,55.64686185,253.2633333,2.000780333
176700,402,17.0863066,56.24770909,318.56,2.516624
177000,401.5454545,17.11636842,57.1560874,388.4725,3.06893275
177300,401.4166667,17.1489032,57.92524777,539.3954545,4.261224091
177600,402,17.17459873,58.0986815,499.375,3.9450625
177900,402,17.20871778,58.1353077,339.2436364,2.680024728
178200,402,17.22007791,57.92252491,266.25,2.103375
178500,401.25,16.91660063,52.85914995,269.6963636,2.130601272
178800,400.1818182,16.57672549,50.56729923,245.2263636,1.937288272
179100,401.0909091,16.68835551,50.70035995,238.055,1.8806345
179400,401.8333333,16.81273676,51.21408337,184.7727273,1.459704546
179700,402,16.9068246,52.13831765,150.695,1.1904905
180000,402,16.97595121,53.27890161,139.6981818,1.103615636
180300,402,17.02838545,54.49368443,130.3475,1.02974525
180600,402,17.06080429,55.54907465,87.87909091,0.694244818
180900,402,17.08024014,56.15390983,61.18083333,0.483328583
181200,402,17.09372545,56.42405232,48.48272727,0.383013545
181500,402.9166667,17.10531741,56.57671429,48.33090909,0.381814182
181800,403,17.11594338,56.76315791,49.17,0.388443
182100,403,17.12525559,56.90879446,49.17,0.388443
182400,403.8181818,17.12911958,57.0134107,64.58333333,0.510208333
182700,404,17.1359202,57.12939332,73.71181818,0.582323364
183000,404,17.13422004,57.2582048,69.79166667,0.551354167
183300,404,17.12850134,57.3329913,62.5,0.49375
183600,404,17.13209485,57.37946951,75.76333333,0.598530333
183900,404.2727273,17.1336018,57.41740554,92.87818182,0.733737636
184200,405,17.13684755,57.46725042,101.67,0.803193
184500,405,17.14314586,57.50408066,102.2233333,0.807564333
184800,405,17.13174709,57.55427051,92.34909091,0.729557818
185100,405,17.10531741,57.44900035,82.29083333,0.650097583
185400,405.3333333,17.11459098,57.49216801,56.97,0.450063
185700,405.7272727,17.11084291,57.71655214,35.76416667,0.282536917
186000,406,17.11041787,57.94993793,31.13545455,0.245970091
186300,406,17.10786764,58.17662113,23.33,0.184307
186600,406,17.11088155,58.34902813,20.22636364,0.159788273
186900,406.5833333,17.10531741,58.47249563,19.09363636,0.150839727
187200,407,17.09171618,58.53796388,14.44666667,0.114128667
187500,407,17.07796038,58.60206774,14.47181818,0.114327364
187800,407,17.05983829,58.67454404,14.17,0.111943
188100,407,17.03391095,58.74910681,10.45272727,0.082576545
188400,407.6363636,17.01393415,58.80952761,5.484166667,0.043324917
188700,408,16.99357096,58.86789669,2.5,0.01975
189000,408,16.97143035,58.91861753,1.67,0.013193
189300,408,16.95276732,58.97447563,0.83,0.006557
189600,408,16.93422021,59.05115163,0.83,0.006557
189900,408.4545455,16.91745054,59.12097722,0.069166667,0.000546417
190200,409,16.90129911,59.17123295,0,0
190500,409,16.88047226,59.20982371,0,0
190800,409,16.86095918,59.25750622,0,0
191100,409,16.88684783,59.21383196,69.02833333,0.545323833
191400,409.6666667,16.93700228,59.06698984,0,0
191700,409.3636364,16.92680137,59.11769598,0,0
192000,410,16.9170255,59.1966672,0,0
192300,410,16.89573498,59.22518765,0,0
192600,410,16.87834708,59.2283018,0,0
192900,410,16.86142286,59.22611743,0,0
193200,410,16.84901949,59.23528994,0,0
193500,410,16.83452958,59.25829537,0,0
193800,410,16.82054199,59.28271567,0,0
194100,410,16.80578161,59.29392755,0,0
194400,410,16.79588983,59.31684869,0,0
194700,410,16.78398879,59.34153124,0,0
195000,410,16.77749732,59.36148631,0,0
195300,410.6363636,16.76741235,59.38190442,0,0
195600,414.0833333,16.75895025,59.3991058,0,0
195900,416.4545455,16.75041087,59.42520815,0,0
196200,418.3333333,16.74225789,59.45250928,0,0
196500,421.0909091,16.73680969,59.4747041,0,0
196800,424,16.72881127,59.49745237,0,0
197100,427.6666667,16.72185612,59.51586038,0,0
197400,430.8181818,16.71428274,59.55023214,0,0
197700,433.6666667,16.70794582,59.57951295,0,0
198000,437.8181818,16.70323178,59.61794281,0,0
198300,440.7272727,16.69681759,59.64481245,0,0
198600,442.75,16.68986244,59.67182382,0,0
198900,447.0909091,16.68325506,59.6898631,0,0
199200,451.0833333,16.67919789,59.70473265,0,0
199500,456.1818182,16.67602944,59.73825217,0,0
199800,454.75,16.66806966,59.77255336,0,0
200100,454.2727273,16.66370337,59.79381988,0,0
200400,456.4545455,16.6536957,59.79768399,0,0
200700,456.5833333,16.64766791,59.78068595,0,0
201000,453.3636364,16.64117644,59.7495742,0,0
201300,449.4166667,16.64674056,59.6996328,0,0
201600,446.0909091,16.65732783,59.63431766,0,0
201900,441.6666667,16.66992436,59.54326954,0,0
202200,436.9090909,16.68410513,59.4466763,0,0
202500,432.4166667,16.69635391,59.33943263,0,0
202800,427.7272727,16.70423641,59.26485156,0,0
203100,421.7272727,16.70238171,59.20242985,0,0
203400,417.0833333,16.69728127,59.15969229,0,0
203700,414.0909091,16.68750542,59.11863634,0,0
204000,410.0833333,16.68244362,59.11747203,0,0
204300,410,16.66922885,59.09921598,0,0
204600,410,16.65740511,59.10111314,0,0
204900,410,16.6441517,59.1040829,0,0
205200,409.75,16.62865719,59.12661231,0,0
205500,409,16.6207747,59.16008651,0,0
205800,409,16.60779177,59.16108355,0,0
206100,409,16.5975909,59.17529038,0,0
206400,409,16.58762187,59.19938066,0,0
206700,409,16.57718917,59.21433431,0,0
207000,409,16.56722014,59.23369684,0,0
207300,408.1666667,16.55817846,59.24787035,0,0
207600,408,16.54724344,59.24900231,0,0
207900,408,16.53777673,59.24995,0,0
208200,408,16.52989425,59.2607171,0,0
208500,408,16.52259136,59.25526952,0,0
208800,408,16.51227458,59.25887671,0,0
209100,407,16.50303971,59.2659515,0,0
209400,407,16.49280022,59.27618451,0,0
209700,407,16.48688836,59.29024839,0,0
210000,407,16.47703526,59.28860348,0,0
210300,407,16.46818679,59.28287215,0,0
210600,407,16.463125,59.29250396,0,0
210900,406.9166667,16.4519968,59.28742454,0,0
211200,406,16.44863515,59.29262296,0,0
211500,,,,,0
211800,406,16.44411432,59.23492082,0,0
212100,406,16.44736005,59.16370543,0,0
212400,406,16.46138622,59.06865116,0,0
212700,406,16.47935363,58.96423729,0,0
213000,406,16.49496404,58.86231795,0,0
213300,405.6666667,16.50902886,58.75955822,0,0
213600,405.4545455,16.5271122,58.66317423,0,0
213900,405,16.53704258,58.5491088,0,0
214200,405,16.54705025,58.46710871,0,0
214500,405,16.56126963,58.39980916,0,0
214800,405,16.5669883,58.33127841,0,0
215100,405,16.57359568,58.28662899,0,0
215400,404.4166667,16.57904387,58.25230797,0,0
215700,404,16.58294647,58.21462478,0,0
216000,404,16.58924474,58.17780689,0,0
216300,404,16.5914472,58.15464926,0,0
216600,404,16.59712722,58.14169085,0,0
216900,404,16.59851825,58.11642822,0,0
217200,404,16.59909785,58.07977532,0,0
217500,404,16.60315501,58.07003606,0,0
217800,404,16.60844864,58.04861693,0,0
218100,404,16.61474691,58.03104046,0,0
218400,404,16.61949959,58.02774685,0,0
218700,404,16.62123837,58.03993818,0,0
219000,404,16.62819351,58.04176492,0,0
219300,404,16.62587513,58.0600665,0,0
219600,404,16.62541146,58.1044515,0,0
219900,404,16.61397412,58.14543589,0,0
220200,404,16.6091828,58.19844721,0,0
220500,404,16.59782274,58.24917924,0.553333333,0.004371333
220800,404,16.57858019,58.30546371,0.83,0.006557
221100,404,16.56637006,58.3633659,1.67,0.013193
221400,404,16.55215068,58.42834714,2.984166667,0.023574917
221700,404.1666667,16.55864214,58.41496591,79.39545455,0.627224091
222000,404.0909091,16.59357238,58.31305664,126.9466667,1.002878667
222300,404,16.60686442,58.31584716,134.7736364,1.064711728
222600,404,16.6160993,58.30431636,138.1925,1.09172075
222900,404.5,16.62587513,58.27871185,140.8327273,1.112578546
223200,405,16.63862622,58.28489574,142.8018182,1.128134364
223500,405,16.65091364,58.26514194,142.985,1.1295815
223800,405,16.65462305,58.26834683,146.7454545,1.159289091
224100,405,16.6348009,58.28100969,125.21,0.989159
224400,405,16.55771479,58.29440039,56.59181818,0.447075364
224700,405,16.50984029,58.30930364,67.65181818,0.534449364
225000,405,16.46729808,58.2918691,82.15333333,0.649011333
225300,404.8333333,16.43576817,58.25957244,94.31909091,0.745120818
225600,404.1818182,16.40698169,58.24807411,103.8191667,0.820171417
225900,404,16.38290924,58.27593554,118.1818182,0.933636364
226200,404,16.36192795,58.33839485,135.695,1.0719905
226500,404,16.35137936,58.3792996,153.3336364,1.211335728
226800,404,16.34450152,58.44803743,167.0833333,1.319958333
227100,404,16.33839647,58.52347017,180.6063636,1.426790272
227400,404,16.33727592,58.59060747,201.2118182,1.589573364
227700,404,16.33978749,58.61008102,221.7358333,1.751713083
228000,404,16.34303322,58.62743707,241.3636364,1.906772728
228300,404,16.35172711,58.64183684,263.4033333,2.080886333
228600,404,16.36297122,58.61366895,287.6518182,2.272449364
228900,404,16.37807929,58.5799387,309.2358333,2.442963083
229200,404,16.39728315,58.53272457,330.2272727,2.608795454
229500,404,16.4111934,58.45438597,336.8181818,2.660863636
229800,404,16.42865849,58.37480871,335.625,2.6514375
230100,404,16.44179595,58.33629061,328.8645455,2.598029909
230400,404,16.45118537,58.28903691,332.1541667,2.624017917
230700,404,16.45895193,58.26162275,341.6672727,2.699171454
231000,403,16.35597748,57.84339627,361.6666667,2.857166667
231300,402,16.33190503,58.16836549,337.4990909,2.666242818
231600,402.3636364,16.3734039,58.04239097,339.4441667,2.681608917
231900,403,16.42139425,57.94452355,364.3936364,2.878709728
232200,403,16.46478651,57.92483049,385,3.0415
232500,403.2727273,16.51552031,57.89954578,389.7925,3.07936075
232800,404,16.56188787,57.86663407,387.8781818,3.064237636
233100,404.0909091,16.61312405,57.88166946,406.8066667,3.213772667
233400,404.5833333,16.67224275,57.92060784,408.9390909,3.230618818
233700,404,16.71258259,57.93479066,425.1383333,3.358592833
234000,405,16.75477716,57.98705851,466.1363636,3.682477272
234300,405,16.77888835,58.00458689,370.415,2.9262785
234600,,,,,0
234900,400.5454545,16.11907889,55.61447209,734.8490909,5.805307818
235200,400,15.72773923,56.52035703,729.47,5.762813
235500,400.2727273,15.9211677,56.7222216,526.7383333,4.161232833
235800,401.3333333,16.16405504,56.96045707,539.6972727,4.263608454
236100,401,16.35725259,56.73236387,548.75,4.335125
236400,402,16.52664853,56.5419937,599.3936364,4.735209728
236700,402,16.64674056,56.49875177,614.1663636,4.851914272
237000,402,16.75296109,56.52148798,611.3891667,4.829974417
237300,401.5,16.838239,56.63886111,623.6363636,4.926727272
237600,401,16.90469941,56.87718623,619.2375,4.89197625
237900,401,16.96389558,57.13740024,602.1981818,4.757365636
238200,401.7272727,17.01563431,57.27458756,622.5675,4.91828325
238500,402,17.06775946,57.27158771,659.5454545,5.210409091
238800,401.8181818,16.99565751,57.13801164,646.5958333,5.108107083
239100,401.3636364,17.03391095,57.22502843,659.6209091,5.211005182
239400,401.8333333,17.06729578,57.36437876,591.59,4.673561
239700,401,17.0721644,57.64794181,592.2225,4.67855775
240000,401,17.08352452,57.91428102,594.1663636,4.693914272
240300,401,17.08449052,58.02266735,505.3466667,3.992238667
240600,401,17.0798151,58.17170316,430,3.397
240900,401.1818182,17.07726487,58.41647936,350.3475,2.76774525
241200,401,17.08491556,58.65358744,450.3036364,3.557398728
241500,401,17.09809175,58.83010386,616.5283333,4.870573833
241800,401,17.09187074,59.10254824,385.1518182,3.042699364
242100,402,17.10160798,59.39446856,312.4245455,2.468153909
242400,402,17.11764353,59.6604467,229.2358333,1.810963083
242700,403,17.17023243,59.89194468,438.7881818,3.466426636
243000,403.9090909,17.24473019,60.25064233,689.0283333,5.443323833
243300,404.1666667,17.31258194,60.85190211,713.3336364,5.635335728
243600,405,17.37819262,61.83854248,804.3758333,6.354569083
243900,405,17.42201038,62.90415021,808.1818182,6.384636364
244200,405.7272727,17.43854831,63.52706868,624.3181818,4.932113636
244500,406,17.45261328,63.83712179,560.0008333,4.424006583
244800,405.8333333,17.48136146,63.95173693,843.94,6.667126
245100,405.3636364,17.46022536,63.91143641,795.2075,6.28213925
245400,405,17.46374161,63.93958471,641.5927273,5.068582546
245700,405,17.47127641,63.8266142,662.1508333,5.230991583
246000,405,17.47208785,63.78097816,641.5163636,5.067979272
246300,405,17.44194863,63.78547428,439.7216667,3.473801167
246600,405,17.43035663,63.73909457,396.2881818,3.130676636
246900,404.8181818,17.43387287,63.60297143,687.0445455,5.427651909
247200,404.1818182,17.42108302,63.50856768,493.2641667,3.896786917
247500,404,17.43360239,63.33244601,728.1809091,5.752629182
247800,404,17.4500244,63.12827282,775.2091667,6.124152417
248100,404,17.46281425,62.9134829,697.1963636,5.507851272
248400,404,17.46405073,62.74534252,730.0683333,5.767539833
248700,404,17.4614232,62.67775277,613.5609091,4.847131182
249000,404,17.46532585,62.58327551,683.5609091,5.400131182
249300,404,17.46606001,62.50112449,611.1108333,4.827775583
249600,403.5,17.47208785,62.40261384,758.2581818,5.990239636
249900,403.0909091,17.4564,62.36304171,599.5141667,4.736161917
250200,403,17.45261328,62.31996833,582.1972727,4.599358454
250500,403,17.47722698,62.18248065,696.32,5.500928
250800,403,17.49851764,62.02131045,886.5145455,7.003464909
251100,403,17.49677884,61.92003971,723.265,5.7137935
251400,403,17.50547285,61.82598848,786.44,6.212876
251700,403,17.50910501,61.75105927,786.6675,6.21467325
252000,402.6363636,17.4971266,61.74443566,578.1818182,4.567636364
252300,402,17.49527188,61.75701355,631.4372727,4.988354454
252600,402,17.50145428,61.71208698,726.0408333,5.735722583
252900,402,17.51891959,61.66495595,630.1509091,4.978192182
253200,402,17.54438338,61.60090967,647.0141667,5.111411917
253500,402,17.59496324,61.42446577,906.8945455,7.164466909
253800,402,17.63789239,61.25333481,838.195,6.6217405
254100,402,17.65895125,61.14420626,715.2272727,5.650295454
254400,401.5,17.70902885,61.00113912,973.4836364,7.690520728
254700,401,17.76030433,60.82050127,1064.235,8.4074565
255000,401,17.80222891,60.66277842,996.3636364,7.871272728
255300,401,17.82788599,60.57404637,1035.486667,8.180344669
255600,401,17.85369764,60.50645729,942.4254545,7.445161091
255900,401,17.87931609,60.43419682,1027.846667,8.119988669
256200,401,17.88290963,60.41296792,938.9390909,7.417618818
256500,400.9166667,17.89403801,60.40183629,877.7290909,6.934059818
256800,400,17.89631778,60.41688096,858.9583333,6.785770833
257100,400,17.91629478,60.33794153,975.3018182,7.704884364
257400,400,17.93882203,60.2388507,1004.0975,7.93237025
257700,400,17.9533894,60.19910748,998.7127273,7.889830546
258000,400,17.95497365,60.21636284,864.0975,6.82637025
258300,400,17.95199835,60.22696577,911.3654545,7.199787091
258600,400,17.94774793,60.2341643,929.5825,7.34370175
258900,400,17.95292572,60.2427506,968.7118182,7.652823364
259200,400,17.94902305,60.24958492,954.0918182,7.537325364
259500,400,17.94782521,60.25468869,907.2916667,7.167604167
259800,400,17.96359043,60.20924797,1201.514545,9.491964906
260100,400,17.98812699,60.13930368,1244.721667,9.833301169
260400,400,17.99604824,60.11789269,1089.319091,8.605620819
260700,400,17.99407759,60.117713,1111.249167,8.778868419
261000,400,17.97425513,60.18082171,938.8636364,7.417022728
261300,400,17.96498148,60.22708706,930.2263636,7.348788272
261600,400,17.98387656,60.17680054,1128.333333,8.913833331
261900,400,18.02433291,60.06694775,1327.879091,10.49024482
262200,400,18.03573179,60.02428541,1136.32,8.976928
262500,400,18.06420968,59.96576014,1268.181818,10.01863636
262800,400,18.08631193,59.87352581,1272.5,10.05275
263100,400,18.11706961,59.80674817,1258.180909,9.939629181
263400,400,18.12839123,59.75538343,1266.875,10.0083125
263700,400,18.07070125,59.95184677,664.6972727,5.251108454
264000,400,18.00172836,60.16183435,493.1827273,3.896143546
264300,400,17.94365206,60.31591925,464.6508333,3.670741583
264600,400,17.90609376,60.43796085,462.1209091,3.650755182
264900,400,17.87209037,60.53341793,394.8625,3.11941375
265200,400,17.83932348,60.60624694,450.7572727,3.560982454
265500,400,17.79133238,60.74203901,252.6383333,1.995842833
265800,400,17.74241393,60.87089917,160.3027273,1.266391546
266100,400,17.70292371,60.99529441,135.9072727,1.073667454
266400,400,17.65987861,61.1077299,135.695,1.0719905
266700,400,17.64411345,61.20128001,167.1972727,1.320858454
267000,400,17.62259091,61.25255548,189.4441667,1.496608917
267300,400,17.59820901,61.31153971,177.5754545,1.402846091
267600,400,17.58093689,61.35875117,142.985,1.1295815
267900,400,17.5643603,61.39247076,139.9990909,1.105992818
268200,400,17.550759,61.42088896,185.1391667,1.462599417
268500,400,17.5402489,61.45360498,149.2427273,1.179017546
268800,400,17.52143119,61.4839899,119.5858333,0.944728083
269100,400,17.50779125,61.51125838,118.2590909,0.934246818
269400,400,17.49202611,61.53833072,87.65181818,0.692449364
269700,400,17.47467674,61.58382346,44.79166667,0.353854167
270000,400,17.45400432,61.63268828,15.98454545,0.126277909
270300,400,17.44152359,61.68759189,13.33,0.105307
270600,400,17.42942927,61.72063029,17.34909091,0.137057818
270900,400,17.42112167,61.74879386,11.67,0.092193
271200,400,17.35431311,61.79679238,14.58333333,0.115208333
271500,400,17.38769806,61.68601657,18.18090909,0.143629182
271800,400,17.44449888,61.63616443,8.886666667,0.070204667
272100,400,17.51196438,61.54595173,7.5,0.05925
272400,400.5454545,17.57966177,61.64829276,12.43083333,0.098203583
272700,401.5833333,17.64457713,62.01633544,16.21272727,0.128080545
273000,402.2727273,17.70929933,62.8139794,13.82083333,0.109184583
273300,403,17.75400598,63.98198917,9.471818182,0.074827364
273600,403,17.79048229,64.81593324,7.2925,0.05761075
273900,403,17.81567569,65.19655005,3.33,0.026307
274200,403,17.84025085,65.21423646,2.5,0.01975
274500,403.6363636,17.86018919,65.05609471,1.67,0.013193
274800,404,17.87085388,64.82421474,0.83,0.006557
275100,404,17.88909206,64.62190268,0,0
275400,404,17.90192062,64.4772199,0,0
275700,405,17.9124694,64.355082,3.33,0.026307
276000,405,17.91861319,64.26369745,0.2775,0.00219225
276300,405,17.91397636,64.21120039,0,0
276600,405.9090909,17.90609376,64.18737911,0,0
276900,406,17.89357433,64.20749228,0,0
277200,406,17.87166533,64.22397956,0,0
277500,407,17.85323395,64.24928422,0,0
277800,407,17.83468666,64.27812864,0,0
278100,407,17.81215943,64.3074584,0,0
278400,407.4166667,17.78970949,64.34549162,0,0
278700,408,17.7692302,64.37700223,0,0
279000,408,17.74890548,64.40446357,0,0
279300,408,17.74160249,64.40839051,0,0
279600,408.6666667,17.73035821,64.42568927,0,0
279900,409,17.71950033,64.43963041,0,0
280200,409,17.71227462,64.45251475,0,0
280500,409,17.70334875,64.46796054,0,0
280800,409,17.68955422,64.47095916,0,0
281100,409,17.68028059,64.48258243,0,0
281400,409.2727273,17.67147065,64.4972306,0,0
281700,410,17.66358806,64.51049615,0,0
282000,410,17.65319387,64.52357248,0,0
282300,410,17.64689553,64.5399275,0,0
282600,410,17.64411345,64.55142003,0,0
282900,410,17.63661727,64.57044882,0,0
283200,410,17.62742092,64.5879418,0,0
283500,410,17.6204657,64.60619848,0,0
283800,410,17.60933736,64.619312,0,0
284100,410,17.61068976,64.62095354,0,0
284400,409.1666667,17.6033095,64.61743909,0,0
284700,409,17.6017639,64.59953064,0,0
285000,409,17.59125379,64.58532016,0,0
285300,408.8333333,17.57780705,64.58504031,0,0
285600,408,17.56691054,64.58448732,0,0
285900,407.9166667,17.55369564,64.54259335,0,0
286200,407,17.54438338,64.46846268,0,0
286500,407,17.53004792,64.35933743,0,0
286800,406.4545455,17.52100615,64.23443633,0,0
287100,406,17.50964597,64.0992693,0,0
287400,405.1818182,17.49975412,63.95781194,0,0
287700,405,17.49017139,63.79669757,0,0
288000,404,17.48089778,63.6568378,0,0
288300,404,17.47340161,63.50626854,0,0
288600,403.1666667,17.46745105,63.3439606,0,0
288900,403,17.45682504,63.19135652,0,0
289200,402.4166667,17.4498312,63.03945861,0,0
289500,402,17.44662407,62.88282528,0,0
289800,401.4166667,17.45168592,62.69445544,0,0
290100,401,17.45810016,62.49089614,0,0
290400,400.0909091,17.46884209,62.24226944,0,0
290700,400,17.48646195,61.9932988,0,0
291000,400,17.50187932,61.72233138,0,0
291300,400,17.51845591,61.47428577,0,0
291600,400,17.53163216,61.25814583,0,0
291900,400,17.54395834,61.06991316,0,0
292200,400,17.55415932,60.92597293,0,0
292500,400,17.56714239,60.8129289,0,0
292800,400,17.57734337,60.73938437,0,0
293100,400,17.58561234,60.6620615,0,0
293400,400,17.58661698,60.60897671,0,0
293700,400,17.59411316,60.56529987,0,0
294000,400,17.59913637,60.54466507,0,0
294300,400,17.60048878,60.52841421,0,0
294600,400,17.60006373,60.5147811,0,0
294900,400,17.59411316,60.53088983,0,0
295200,400,17.58754435,60.55880361,0,0
295500,400,17.57224288,60.61638061,0,0
295800,400,17.55670957,60.66946071,0,0
296100,400,17.53978522,60.72331241,0,0
296400,400,17.52185623,60.76814894,0,0
296700,400,17.50964597,60.80650491,0,0
297000,400,17.49380355,60.82299733,0,0
297300,400,17.4804341,60.83699213,0,0
297600,400,17.46702601,60.84722298,0,0
297900,400,17.45354064,60.84477258,0,0
298200,400,17.4475128,60.83432931,0,0
298500,400,17.43344783,60.82601911,0,0
298800,400,17.42201038,60.81175641,0,0
299100,400,17.4151711,60.8088367,0,0
299400,400,17.40670894,60.79172376,0,0
299700,400,17.39901958,60.78339601,0,0
300000,400,17.39279854,60.76364963,0,0
300300,400,17.38371814,60.74219777,0,0
300600,400,17.36868718,60.7087045,0,0
300900,400,17.36265935,60.69623644,0,0
301200,400,17.35439039,60.67334847,0,0
301500,400,17.35060367,60.65964065,0,0
301800,400,17.3416392,60.64947784,0,0
302100,400,17.33483856,60.64922424,0,0
302400,400,17.33016312,60.621954,0,0
302700,400,17.32371025,60.60659391,0,0
303000,400,17.31536402,60.58488792,0,0
303300,400,17.31188642,60.55738269,0,0
303600,400,17.30377203,60.53159155,0,0
303900,400,17.30168547,60.50297279,0,0
304200,400,17.29496212,60.48299673,0,0
304500,400,17.28893428,60.46795568,0,0
304800,400,17.28337013,60.45251556,0,0
305100,400,17.2740579,60.41285437,0,0
305400,400,17.27177815,60.37742637,0,0
305700,400,17.26621399,60.30821083,0,0
306000,400,17.2600316,60.2941365,0,0
306300,400,17.25183994,60.2588424,0,0
306600,400,17.24047979,60.23230779,0,0
306900,400,17.23746588,60.19528269,0.452727273,0.003576545
307200,400,17.23367917,60.16924546,1.39,0.010981
307500,400,17.2370022,60.19120483,2.5,0.01975
307800,400,17.2502557,60.25044307,4.17,0.032943
308100,400,17.26667767,60.29150467,6.041666667,0.047729167
308400,400,17.28383381,60.27206577,9.17,0.072443
308700,400,17.31103634,60.20600769,13.75,0.108625
309000,400,17.33298384,60.15481093,18.18090909,0.143629182
309300,400,17.36331623,60.11791718,22.84583333,0.180482083
309600,400,17.3960443,60.12592804,27.72636364,0.219038273
309900,400,17.42293774,60.15715373,38.03,0.300437
310200,400,17.44577399,60.21861461,44.6525,0.35275475
310500,400,17.46884209,60.28668477,45.83363636,0.362085727
310800,400,17.48827803,60.32947683,44.51333333,0.351655333
311100,400,17.50779125,60.35300202,71.89454545,0.567966909
311400,400,17.52908192,60.36216006,69.3775,0.54808225
311700,400,17.54998619,60.37332887,69.54363636,0.549394727
312000,400,17.56266014,60.38751902,53.4,0.42186
312300,400,17.57873441,60.39401373,57.72727273,0.456045455
312600,400,17.59635429,60.40806727,66.51727273,0.525486455
312900,400.8181818,17.61324001,60.42580605,77.15083333,0.609491583
313200,401,17.63066669,60.43663876,80.90636364,0.639160273
313500,401,17.6493685,60.44432151,97.49916667,0.770243417
313800,401.25,17.67193433,60.43511257,99.39636364,0.785231273
314100,402,17.69739817,60.42388783,110.6933333,0.874477333
314400,402,17.71737512,60.40841807,125.5290909,0.991679818
314700,402,17.73035821,60.42275526,127.0472727,1.003673454
315000,402,17.73182653,60.47627829,121.9458333,0.963372083
315300,402.8333333,17.72525771,60.55342341,115,0.9085
315600,403,17.71524991,60.61546805,101.53,0.802087
315900,403,17.70392835,60.66704223,71.59090909,0.565568182
316200,403,17.68039651,60.69652825,37.77833333,0.298448833
316500,403,17.65570548,60.71944222,34.92545455,0.275911091
316800,403,17.63746735,60.74182865,58.68083333,0.463578583
317100,402,17.62278411,60.76092389,58.33,0.460807
317400,402.4545455,17.61582889,60.75043208,66.67,0.526693
317700,402.9090909,17.60558927,60.70583255,67.6375,0.53433625
318000,403,17.59681797,60.66680263,67.04545455,0.529659091
318300,403,17.59411316,60.63086428,79.02833333,0.624323833
318600,403,17.58754435,60.60445727,88.55909091,0.699616818
318900,403,17.58646242,60.59886623,83.75083333,0.661631583
319200,403,17.58337122,60.61490299,87.27272727,0.689454545
319500,403,17.58476226,60.60076878,113.7136364,0.898337728
319800,403.1818182,17.59836357,60.56783433,158.4725,1.25193275
320100,404,17.63344878,60.49207382,404.8481818,3.198300636
320400,404,17.65914445,60.40573357,466.25,3.683375
320700,404,17.68538109,60.34393205,447.1972727,3.532858454
321000,404,17.69867329,60.32301585,377.7083333,2.983895833
321300,404.25,17.70856517,60.31258858,334.1654545,2.639907091
321600,405,17.72035041,60.30918826,289.5133333,2.287155333
321900,405,17.73684975,60.3078784,337.5772727,2.666860454
322200,405,17.75539703,60.34988954,357.2736364,2.822461728
322500,405.6363636,17.7926075,60.35876933,511.6675,4.04217325
322800,406,17.8337593,60.35879059,586.1372727,4.630484454
323100,406,17.87506567,60.36046839,615.625,4.8634375
323400,406,17.91073059,60.3843765,574.0163636,4.534729272
323700,406,17.93159631,60.4418754,528.3333333,4.173833333
324000,406.5,17.96266306,60.50520983,657.1945455,5.191836909
324300,407,17.98090126,60.61137194,562.7281818,4.445552636
324600,407,17.99094772,60.71374878,494.3058333,3.905016083
324900,407,18.01552293,60.77234001,549.7718182,4.343197364
325200,407,18.04805804,60.79900483,692.9858333,5.474588083
325500,407,18.08275702,60.79802054,652.8790909,5.157744818
325800,406.9090909,18.12839123,60.80345982,551.1808333,4.354328583
326100,404.4166667,18.18105799,60.81661593,829.5454545,6.553409091
326400,404,18.20319891,60.56829916,825.625,6.5224375
326700,403.25,18.25385642,59.93670585,792.8036364,6.263148728
327000,401.6363636,18.26313011,59.51439397,769.7916667,6.081354167
327300,400.7272727,18.28167749,58.90172332,858.7881818,6.784426636
327600,400,18.25942064,58.39748237,751.06,5.933374
327900,400,18.24017773,57.71801019,756.3891667,5.975474417
328200,400,18.20887904,57.3378028,719.0909091,5.680818182
328500,400,18.23380207,57.52058454,567.7766667,4.485435667
328800,400,18.29002382,57.41035925,607.6518182,4.800449364
329100,400,18.34303844,57.71680326,612.6375,4.83983625
329400,400,18.39528029,58.13802515,582.4236364,4.601146728
329700,400.9166667,18.44999516,58.5498237,447.1218182,3.532262364
330000,401,18.50583064,59.15234422,522.7083333,4.129395833
330300,401,18.55664288,60.28922716,578.6354545,4.571220091
330600,401.9090909,18.59636533,61.91835491,574.375,4.5375625
330900,402,18.62573213,62.91645292,608.3345455,4.805842909
331200,402.2727273,18.62059294,63.20154461,291.7358333,2.304713083
331500,402.9166667,18.60115675,63.48615097,195.4545455,1.544090909
331800,403,18.58021359,63.81164342,159.655,1.2612745
332100,403.0909091,18.57379927,63.91485417,254.3945455,2.009716909
332400,403.6666667,18.61135785,63.61421389,665.3027273,5.255891546
332700,403.1818182,18.60274101,62.47026607,629.1666667,4.970416667
333000,404,18.62805056,62.3438843,531.2872727,4.197169454
333300,404,18.66267248,61.98751572,638.68,5.045572
333600,404.5,18.69899461,61.77933415,721.5163636,5.699979272
333900,405,18.73323015,61.64865835,792.7775,6.26294225
334200,405,18.76020128,61.51148376,715.9090909,5.655681818
334500,405.3636364,18.78806115,61.44077987,755.8336364,5.971085728
334800,405.1818182,18.82187168,61.04363163,741.7366667,5.859719667
335100,402.25,18.83624599,60.36122862,1071.514545,8.464964906
335400,403,18.87604584,59.5909712,830.2783333,6.559198833
335700,402.25,18.93501148,58.81413077,575.3018182,4.544884364
336000,401.8181818,19.04733997,57.8942205,834.5133333,6.592655333
336300,401.8333333,19.06159839,57.50932297,862.3490909,6.812557818
336600,402,19.12512376,57.14934018,759.8625,6.00291375
336900,402,19.17195636,56.39221671,837.0454545,6.612659091
337200,401.5454545,19.08524652,56.55494537,678.7890909,5.362433818
337500,400.6363636,19.01333615,56.39568031,839.0975,6.62887025
337800,400,18.9192461,55.69960084,805.4545455,6.363090909
338100,400,18.86371948,55.29469079,812.3608333,6.417650583
338400,400,18.88261475,55.25441075,890.6827273,7.036393546
338700,400,18.91430009,55.52262398,1074.929167,8.491940419
339000,400,18.88029631,55.74040679,572.1963636,4.520351272
339300,400,18.84204209,56.03594551,416.6672727,3.291671454
339600,400.2727273,18.82094431,56.3656997,499.3058333,3.944516083
339900,401,18.81167056,56.63678706,583.4081818,4.608924636
340200,401,18.79911236,56.91008416,573.1933333,4.528227333
340500,401,18.79358676,57.17887974,571.97,4.518563
340800,401.6363636,18.77275947,57.47000467,391.3183333,3.091414833
341100,402,18.75463703,57.73217502,471.2881818,3.723176636
341400,402,18.73608955,57.97163717,356.3636364,2.815272728
341700,402,18.72472922,58.18838595,374.2375,2.95647625
342000,402,18.72959794,58.34746924,542.1218182,4.282762364
342300,402,18.71920362,58.49136947,457.985,3.6180815
342600,402.25,18.71568733,58.59265006,403.4845455,3.187527909
342900,403,18.74810678,58.59014436,762.5008333,6.023756583
343200,402.6666667,18.78060351,58.51307668,649.5463636,5.131416272
343500,400.3636364,18.74173108,56.72805577,775.3466667,6.125238667
343800,400,18.74304486,56.5316877,733.1809091,5.792129182
344100,400,18.68462032,54.79989693,837.4254545,6.615661091
344400,400,18.62824376,54.35222521,702.5691667,5.550296417
344700,400,18.66468179,54.33867849,976.44,7.713876
345000,400,18.6996515,54.55366061,933.6116667,7.375532167
345300,400,18.7272795,54.83250447,813.2581818,6.424739636
345600,400,18.72982978,55.1095111,798.8183333,6.310664833
345900,400,18.73423481,55.35744696,925.5309091,7.311694182
346200,400,18.71939683,55.59934293,673.1827273,5.318143546
346500,400,18.71835353,55.78188871,705.21,5.571159
346800,400,18.70131304,55.97297578,525.4545455,4.151090909
347100,400,18.69752626,56.14240301,613.4725,4.84643275
347400,400,18.72171526,56.21820003,761.97,6.019563
347700,400,18.72897969,56.33501105,719.9308333,5.687453583
348000,400,18.71754208,56.54545056,652.8036364,5.157148728
348300,400,18.67414873,56.80981604,240.5558333,1.900391083
348600,400,18.66700022,56.98888971,415.7581818,3.284489636
348900,401,18.71197784,57.00955996,789.2427273,6.235017546
349200,401.2727273,18.77233443,56.99441408,913.8191667,7.219171417
349500,402,18.79961469,57.09918847,487.5763636,3.851853272
349800,402,18.79103648,57.32749205,226.1816667,1.786835167
350100,401.4166667,18.87983263,57.38052616,1026.666364,8.110664276
350400,401,19.09026984,56.93491084,1582.2225,12.49955775
350700,401,19.14088921,56.80328296,430,3.397
351000,401,19.29297934,56.39386987,673.2572727,5.318732454
351300,401,19.20503286,56.9839685,467.6383333,3.694342833
351600,401,19.20255985,57.39697898,838.2581818,6.622239636
351900,401.5454545,19.18123014,57.62671602,401.5275,3.17206725
352200,401.9166667,19.48216515,56.98048499,13771.89273,108.7979526
352500,401.0909091,19.93781983,56.01599539,31497.84333,248.8329623
352800,402,20.38636671,54.78351033,32790.52727,259.0451654
353100,401.7272727,20.55414733,54.29241297,34990.96667,276.4286367
353400,402,20.39564058,55.00277424,2907.953636,22.97283372
353700,402,20.35900864,55.08788896,15223.71273,120.2673306
354000,402,20.47721242,54.61894814,27186.17917,214.7708154
354300,401.75,20.59132031,54.1691052,1664.545455,13.14990909
354600,402,20.56264841,54.22238056,1396.736667,11.03421967
354900,402,20.52593912,54.19044837,1220.986364,9.645792276
355200,402,20.47508711,54.25601031,1133.680833,8.956078581
355500,402,20.44108275,54.25000296,1199.09,9.472811
355800,402,20.39985247,54.18408026,1098.484545,8.678027906
356100,402,20.36920993,54.07163912,1170.833333,9.249583331
356400,402,20.2500403,54.20722856,1140,9.006
356700,402,20.08616297,54.55953639,995.2766667,7.862685667
357000,402,19.91664435,54.95764261,788.8636364,6.232022728
357300,402,19.76184828,55.31218674,626.735,4.9512065
357600,402,19.62544556,55.58528542,488.5618182,3.859638364
357900,402,19.51659403,55.94306661,362.7075,2.86538925
358200,402,19.41446615,56.29052043,291.4390909,2.302368818
358500,402.7272727,19.33127239,56.63716088,266.8918182,2.108445364
358800,403,19.25124725,57.01060617,214.515,1.6946685
359100,403,19.17983907,57.38838735,164.3945455,1.298716909
359400,403,19.10132106,57.73543346,127.6383333,1.008342833
359700,403.6666667,19.02682175,58.01619723,104.1672727,0.822921454
360000,404,18.9602052,58.24715123,82.56916667,0.652296417
360300,404,18.90255333,58.49249882,62.27272727,0.491954545
360600,404,18.84501742,58.70408522,43.54166667,0.343979167
360900,404,18.77364821,58.84153373,29.92454545,0.236403909
361200,404,18.73191637,59.02538293,19.54636364,0.154416273
361500,404.8181818,18.67882424,59.15558783,11.6675,0.09217325
361800,405,18.62897793,59.21299663,6.440909091,0.050883182
362100,405,18.58361396,59.09995223,3.33,0.026307
362400,405.4545455,18.54134125,59.34171115,1.67,0.013193
362700,406,18.51398378,59.44672916,0.83,0.006557
363000,406,18.4782027,59.46150847,0,0
363300,406,18.44767673,59.29569494,0,0
363600,406,18.41912144,59.42007952,0,0
363900,406,18.39296187,59.56413064,0,0
364200,406,18.36896616,59.58270683,0,0
364500,406.25,18.34566599,59.60868242,0,0
364800,407,18.32051109,59.64054043,0,0
365100,407,18.30393436,59.5386225,0,0
365400,407,18.29095119,59.60713407,0,0
365700,407,18.28055692,59.71366524,0,0
366000,407,18.26591222,59.79906793,0,0
366300,407,18.24017773,59.79141388,0,0
366600,407,18.18894062,59.35538388,0,0
366900,405.9090909,18.0948128,58.27086681,0,0
367200,406.75,18.14210854,58.45430628,0,0
367500,406.4545455,18.19496852,58.70417404,0,0
367800,406,18.2282765,58.80745106,0,0
368100,406,18.25339274,58.83031343,0,0
368400,406,18.27333117,58.86306781,0,0
368700,406,18.29280593,58.94138402,0,0
369000,406,18.31286029,59.04192861,0,0
369300,405.3333333,18.33685598,59.1294424,0,0
369600,405,18.36471572,59.18922287,0,0
369900,405,18.38739764,59.24207749,0,0
370200,405,18.40594505,59.2745367,0,0
370500,405,18.41660981,59.3034145,0,0
370800,405,18.43515723,59.32053987,0,0
371100,405,18.44632432,59.31135262,0,0
371400,405,18.4583415,59.2966955,0,0
371700,405,18.47012684,59.27562865,0,0
372000,405,18.47503418,59.25170157,0,0
372300,405,18.48755369,59.23587803,0,0
372600,405,18.48709001,59.22835636,0,0
372900,405,18.48384421,59.23024119,0,0
373200,405,18.47182702,59.26452021,0,0
373500,404.5,18.4615873,59.29989585,0,0
373800,404,18.4395236,59.3543822,0,0
374100,404,18.41568244,59.41877874,0,0
374400,404,18.39361875,59.47621654,0,0
374700,404,18.37580552,59.53130449,0,0
375000,404,18.35540338,59.57813273,0,0
375300,404,18.3311372,59.63591389,0,0
375600,404,18.31042594,59.68326665,0,0
375900,403.1818182,18.29713365,59.72003738,0,0
376200,403,18.27982276,59.75449807,0,0
376500,403,18.26568038,59.77631664,0,0
376800,403,18.24643747,59.81135783,0,0
377100,403,18.23635234,59.83687919,0,0
377400,403,18.22093483,59.85537117,0,0
377700,403,18.20748799,59.87556411,0,0
378000,403,18.19257281,59.89208705,0,0
378300,403,18.17642115,59.91422284,0,0
378600,402.4545455,18.16664515,59.92764331,0,0
378900,402,18.15555537,59.9477739,0,0
379200,402,18.13901731,59.95566279,0,0
379500,402,18.12958908,59.96431386,0,0
379800,402,18.11308966,59.96979049,0,0
380100,402,18.10362279,59.96764489,0,0
380400,402,18.09110333,59.96603068,0,0
380700,402,18.07866115,59.95976418,0,0
381000,402,18.07023757,59.97366775,0,0
381300,402,18.05783404,59.96621805,0,0
381600,402,18.04937181,59.97013042,0,0
381900,401.9090909,18.03658188,59.96473612,0,0
382200,401,18.0275787,59.96045441,0,0
382500,401,18.02247818,59.95563972,0,0
382800,401,18.01150434,59.94212266,0,0
383100,401,18.00717663,59.95287681,0,0
383400,401,18.00002819,59.95693621,0,0
383700,401,17.99094772,59.95210089,0,0
384000,401,17.98175134,59.94628671,0,0
384300,401,17.9724004,59.94359694,0,0
384600,401,17.96687485,59.94976479,0,0
384900,401,17.96266306,59.97461433,0,0
385200,401,17.96266306,59.98730896,0,0
385500,401,17.97027519,59.97645982,0,0
385800,400.4166667,17.98121038,59.93843194,0,0
386100,400,17.9962028,59.87482243,0,0
386400,400,18.0136682,59.81047842,0,0
386700,400,18.02893111,59.75347276,0,0
387000,400,18.04241656,59.69096035,0,0
387300,400.25,18.05400865,59.63766582,0,0
387600,400,18.06293455,59.58699415,0,0
387900,400,18.07301967,59.54052218,0,0
388200,400,18.08631193,59.49542503,0,0
388500,400,18.09527648,59.45621867,0,0
388800,400,18.1007634,59.42531581,0,0
389100,400,18.11289646,59.39912389,0,0
389400,400,18.10825962,59.38620712,0,0
389700,400,18.10501384,59.39244913,0,0
390000,400,18.09434911,59.42264625,0,0
390300,400,18.07611089,59.46142071,0,0
390600,400,18.05910916,59.50736062,0,0
390900,400,18.05018326,59.53517711,3.33,0.026307
391200,400,18.03731605,59.56119863,3.33,0.026307
391500,400,18.02723093,59.57973039,3.33,0.026307
391800,400,18.01830503,59.60855819,3.33,0.026307
392100,400,18.008104,59.67867506,3.33,0.026307
392400,400.6363636,18.0051287,59.76631201,0.2775,0.00219225
392700,401,18.00439453,59.8486351,0,0
393000,401,17.98940211,59.95130721,4.17,0.032943
393300,401,17.98167406,60.02478128,4.17,0.032943
393600,401,17.9724004,60.0873443,5.069166667,0.040046417
393900,401,17.95385309,59.99755241,6.67,0.052693
394200,401.2727273,17.79944682,59.51195635,5.528181818,0.043672636
394500,402,17.80323355,59.60503501,8.121666667,0.064161167
394800,401.75,17.82170356,59.75414433,11.97181818,0.094577364
395100,402,17.82916111,59.81474073,16.52916667,0.130580417
395400,402,17.8337593,59.86538681,21.97181818,0.173577364
395700,402,17.83043624,59.92555359,27.15416667,0.214517917
396000,402,17.82865879,59.98190061,32.5,0.25675
396300,402,17.82406061,60.01970944,37.98416667,0.300074917
396600,402.3636364,17.81521201,60.05079819,42.87727273,0.338730455
396900,403,17.80964782,60.08098619,47.80181818,0.377634364
397200,403,17.80025826,60.09254642,50.555,0.3993845
397500,403,17.79341895,60.10609015,56.13545455,0.443470091
397800,403,17.78963221,60.11483217,62.36166667,0.492657167
398100,403,17.78136321,60.11819725,65.83,0.520057
398400,403,17.77688095,60.11468164,69.03,0.545337
398700,403,17.77116221,60.1273479,71.97181818,0.568577364
399000,403,17.77023485,60.12273517,74.84909091,0.591307818
399300,403,17.76582987,60.12996625,77.6375,0.61333625
399600,403,17.77255326,60.12284715,80,0.632
399900,403,17.78920717,60.10876297,81.73916667,0.645739417
400200,403,17.80872046,60.07535766,83.25454545,0.657710909
400500,403,17.83468666,60.0211502,84.65416667,0.668767917
400800,403,17.86065287,59.94942097,85.83,0.678057
401100,403,17.88569173,59.90492598,86.73916667,0.685239417
401400,403,17.9102669,59.86649618,88.17909091,0.696614818
401700,403,17.9294711,59.84418118,89.17,0.704443
402000,402.8181818,17.95524413,59.81328953,89.93083333,0.710453583
402300,402.8333333,17.97008199,59.7992678,91.67,0.724193
402600,402,17.99237741,59.77967371,92.7075,0.73238925
402900,402,18.0108861,59.76362233,94.09363636,0.743339727
403200,402,18.03573179,59.74960456,95,0.7505
403500,402,18.05122655,59.74064519,95.75454545,0.756460909
403800,402,18.06699178,59.72818444,96.13545455,0.759470091
404100,402,18.08036132,59.71213842,96.67,0.763693
404400,402,18.0948128,59.72086385,97.12272727,0.767269545
404700,402,18.09608793,59.74733891,97.5,0.77025
405000,402,18.09666753,59.77632069,96.97181818,0.766077364
405300,401.7272727,18.09948827,59.81268963,97.56833333,0.770789833
405600,401,18.09805858,59.85308963,97.57545455,0.770846091
405900,401,18.09438775,59.89905411,97.36166667,0.769157167
406200,401,18.09574016,59.9601568,97.57545455,0.770846091
406500,401,18.08971228,60.02691572,98.33,0.776807
406800,401,18.08546184,60.11280332,98.89,0.781231
407100,401.8333333,18.08136597,60.17380809,98.33363636,0.776835727
407400,402,18.07696098,60.23902775,99.03,0.782337
407700,402,18.07394704,60.28162779,99.09363636,0.782839727
408000,402,18.08036132,60.32066422,93.89166667,0.741744167
408300,402,18.09898595,60.28842928,98.33,0.776807
408600,402.7272727,18.12244062,60.26963091,98.5425,0.77848575
408900,403,18.18244905,60.19138279,92.27454545,0.728968909
409200,402.8333333,18.21629799,59.2578821,226.9690909,1.793055818
409500,400.1818182,17.92522072,56.44683745,330.1383333,2.608092833
409800,400,17.67193437,54.02744516,329.3954545,2.602224091
410100,400,17.37266713,53.30924694,325.5558333,2.571891083
410400,400,17.22911966,52.82910604,334.1654545,2.639907091
410700,400,17.25875649,52.96506739,231.8758333,1.831819083
411000,400,17.40392687,53.47093706,230.91,1.824189
411300,400,17.48785299,53.60514177,240.7608333,1.902010583
411600,400,17.54488571,53.6270993,241.0590909,1.904366818
411900,400,17.6009911,53.62390864,240.0754545,1.896596091
412200,400,17.64851842,53.81419722,241.6691667,1.909186417
412500,400,17.68445373,53.95768359,242.9518182,1.919319364
412800,400,17.75945425,53.99136272,244.3775,1.93058225
413100,400,17.76096121,53.90284916,305.0754545,2.410096091
413400,400,17.71865025,53.85573106,295.6233333,2.335424333
413700,400,17.64647822,52.51470998,302.418,2.3891022
414000,500,,,,0
414300,,,,,0
414600,400,17.64596817,52.14827295,,0
414900,,,,,0
415200,,,,,0
415500,,,,,0
415800,,,,,0
416100,,,,,0
416400,,,,,0
416700,,,,,0
417000,,,,,0
417300,,,,,0
417600,,,,,0
417900,,,,,0
418200,,,,,0
418500,,,,,0
418800,,,,,0
419100,,,,,0
419400,,,,,0
419700,400,18.88215106,58.21058281,758.3336364,5.990835728
420000,400,18.90950864,58.15627362,786.1354545,6.210470091
420300,400,18.93002683,58.13475816,722.3608333,5.706650583
420600,400,18.9456763,58.10437369,700.6827273,5.535393546
420900,400,18.9512792,58.12587502,603.9583333,4.771270833
421200,400,18.95309531,58.15408711,630.3781818,4.979987636
421500,400,18.94830387,58.19389401,583.7109091,4.611316182
421800,400,18.93547517,58.24650379,573.4708333,4.530419583
422100,400,18.9187824,58.28803707,595.6063636,4.705290272
422400,400,18.89857334,58.33081286,551.5258333,4.357054083
422700,400,18.87936894,58.37540972,558.4845455,4.412027909
423000,400,18.86414453,58.40257159,582.5691667,4.602296417
423300,400,18.84551974,58.45842696,538.41,4.253439
423600,400,18.82326274,58.50885719,515,4.0685
423900,400,18.81356395,58.54172522,554.93,4.383947
424200,400,18.80935212,58.56270411,570.7590909,4.508996818
424500,400,18.80931348,58.5443368,696.6675,5.50367325
424800,400,18.80749737,58.54938861,775.2263636,6.124288272
425100,400,18.80846339,58.53683407,754.8616667,5.963407167
425400,400,18.82789962,58.47088542,875.0763636,6.913103272
425700,400,18.84501741,58.41246473,930.8325,7.35357675
426000,400,18.87612313,58.31468205,905.9109091,7.156696182
426300,400,18.92577636,57.93993024,1362.650909,10.76494218
426600,400,18.90208964,57.38959797,866.3883333,6.844467833
426900,400,18.90487177,56.99450537,1027.726364,8.119038276
427200,400,18.90537409,56.94100442,924.3058333,7.302016083
427500,400,18.88864269,57.02287533,804.6227273,6.356519546
427800,400,18.87774603,57.13315731,883.82,6.982178
428100,400,18.87148625,57.21213287,783.2572727,6.187732454
428400,400,18.86313987,57.26933292,831.2118182,6.566573364
428700,400,18.85054302,57.34629733,756.735,5.9782065
429000,400,18.83114543,57.43145888,674.7727273,5.330704546
429300,400,18.83566638,57.44276452,777.9866667,6.146094667
429600,400,18.82789962,57.49242294,677.6509091,5.353442182
429900,400,18.82716545,57.52035367,695.6925,5.49597075
430200,400,18.84691081,57.52733383,855.7572727,6.760482454
430500,400,18.86159424,57.5549362,910.2083333,7.190645833
430800,400,18.86267618,57.63899623,988.5609091,7.809631182
431100,400,18.87009518,57.715687,792.1972727,6.258358454
431400,400,18.89177259,57.75458162,892.9158333,7.054035083
431700,400,18.92110084,57.77335136,1083.485455,8.559535095
432000,400,18.92832664,57.81168032,941.945,7.4413655
432300,400,18.93176566,57.83847603,780.3809091,6.165009182
432600,400,18.95765491,57.80125608,866.6666667,6.846666667
432900,400,18.99853676,57.71653542,993.7872727,7.850919454
433200,400,19.04904016,57.61696047,1042.195455,8.233344095
433500,400,19.09127447,57.54826258,1031.111667,8.145782169
433800,400,19.10796727,57.51941107,881.1372727,6.960984454
434100,400,19.13234958,57.46400099,955.14,7.545606
434400,400,19.1571183,57.40222975,869.8481818,6.871800636
434700,400,19.19568179,57.27464253,1049.236667,8.288969669
435000,400,19.24939249,57.07883535,1273.56,10.061124
435300,400,19.29807991,56.94114134,1214.546364,9.594916276
435600,400,19.34614911,56.85508816,1141.596667,9.018613669
435900,400,19.37737091,56.77913747,1074.166364,8.485914276
436200,400,19.36017573,56.79863296,838.3333333,6.622833333
436500,400,19.35047688,56.73676261,800.2281818,6.321802636
436800,400,19.35890059,56.72146153,1004.375833,7.934569081
437100,400,19.32682869,56.53799189,569.3181818,4.497613636
437400,400,19.3202211,56.40771108,565.7633333,4.469530333
437700,400,19.3926727,56.18104562,1008.106364,7.964040276
438000,400,19.42698579,56.15176938,3006.666364,23.75266428
438300,400,19.40778127,56.5761566,776.1108333,6.131275583
438600,400,19.38896317,56.95041618,487.2736364,3.849461728
438900,400,19.3805781,57.26355439,781.6675,6.17517325
439200,400,19.37644353,57.51582624,712.4990909,5.628742818
439500,400,19.37802781,57.72702423,502.9166667,3.973041667
439800,400,19.42605841,57.83295927,1940.303636,15.32839872
440100,400,19.47845545,57.94836599,4404.318182,34.79411364
440400,400,19.48769063,58.18918683,1254.7225,9.91230775
440700,400,19.48448343,58.36616272,625.6836364,4.942900728
441000,400,19.48981588,58.45751901,545.625,4.3104375
441300,400,19.49700309,58.54105409,551.97,4.360563
441600,400,19.47323893,58.69509765,462.57,3.654303
441900,400.5,19.45666199,58.83287431,439.7727273,3.474204546
442200,401,19.44688584,58.93220535,460,3.634
442500,401,19.43440484,59.06835564,469.7727273,3.711204546
442800,401.0833333,19.42281257,59.18707899,522.8781818,4.130737636
443100,402,19.41330692,59.28711881,515,4.0685
443400,402,19.40611971,59.37027231,480.9845455,3.799777909
443700,402,19.39290454,59.48842734,404.1666667,3.192916667
444000,402.8333333,19.37366139,59.6169062,301.8945455,2.384966909
444300,403,19.35082465,59.75734216,238.4716667,1.883926167
444600,403,19.32451024,59.87747381,214.9245455,1.697903909
444900,404,19.29900729,60.0122676,165,1.3035
445200,404,19.27006532,60.16813804,149.0983333,1.177876833
445500,404.1666667,19.23269966,60.34368896,119.1663636,0.941414272
445800,404.1818182,19.15360199,60.01836115,86.80583333,0.685766083
446100,404.6666667,19.1149226,59.8492888,71.51454545,0.564964909
446400,405,19.08984476,60.04521524,57.63916667,0.455349417
446700,405.3333333,19.0653079,60.19107719,41.74272727,0.329767545
447000,406,19.03671377,60.37396047,32.01333333,0.252905333
447300,406,19.00966528,60.54059998,22.72636364,0.179538273
447600,406.7272727,18.97674341,60.67944486,14.24272727,0.112517545
447900,407,18.95297939,60.81536445,6.595,0.0521005
448200,407.3333333,18.93315673,60.94035108,3.711818182,0.029323364
448500,408,18.91217485,61.05352045,2.5,0.01975
448800,408,18.89374326,61.15357746,0.83,0.006557
449100,408.5454545,18.88794716,61.22157684,29.02583333,0.229304083
449400,409,18.87890525,61.27135162,0,0
449700,409,18.85649368,61.35893465,0,0
450000,409.3636364,18.83670968,61.45231837,0,0
450300,410,18.81584375,61.54940706,0,0
450600,410,18.79613704,61.63090734,0,0
450900,412,18.77828508,61.69800169,0,0
451200,417.5454545,18.76340845,61.76206473,0,0
451500,437.0833333,18.8102795,61.64014391,118.8645455,0.939029909
451800,437.9090909,18.82716545,61.53366839,0,0
452100,445.8333333,18.79590519,61.64703947,0,0
452400,454.9090909,18.76251971,61.76735716,0,0
452700,460.2727273,18.72897969,61.88518556,0,0
453000,458.1666667,18.68462032,62.03377324,0,0
453300,451.5454545,18.63589459,62.15990254,0,0
453600,443.9166667,18.60069307,62.23115031,0,0
453900,435.9090909,18.56618709,62.26757121,0,0
454200,427.0833333,18.53160384,62.27070103,0,0
454500,415.2727273,18.51730686,62.234719,0,0
454800,409.3636364,18.54041387,62.12431898,0,0
455100,409,18.5561792,62.0402843,0,0
455400,409,18.56321177,61.97535149,0,0
455700,409,18.56081606,61.91704027,0,0
456000,409,18.55768618,61.88003425,0,0
456300,409,18.55154234,61.85659331,0,0
456600,409,18.54505073,61.83796249,0,0
456900,409,18.52963318,61.81942063,0,0
457200,409,18.52418487,61.80486786,0,0
457500,409,18.51603172,61.79961869,0,0
457800,408,18.51166535,61.79456546,0,0
458100,408,18.50668073,61.76326877,0,0
458400,408,18.50981061,61.72231234,0,0
458700,408,18.51773191,61.66648302,0,0
459000,408,18.53484964,61.58334091,0,0
459300,408,18.55200602,61.49121303,0,0
459600,408,18.57171268,61.39484261,0,0
459900,408,18.59002828,61.3127075,0,0
460200,408,18.60189092,61.23654988,0,0
460500,408,18.61506734,61.17316142,0,0
460800,408,18.62758687,61.11075155,0,0
461100,407.8181818,18.64227028,61.04984323,0,0
461400,407.0833333,18.65308963,61.00221062,0,0
461700,407,18.66267248,60.96277565,0,0
462000,407,18.67302815,60.92947815,0,0
462300,407,18.68009937,60.8960583,0,0
462600,407,18.68740244,60.87883543,0,0
462900,407,18.68902534,60.86806811,0,0
463200,407,18.67766502,60.89055633,0,0
463500,407,18.66607285,60.91998042,0,0
463800,407,18.64907101,60.96209869,0,0
464100,407,18.62805056,61.01367216,0,0
464400,407,18.6146423,61.06384101,0,0
464700,407,18.5960562,61.11476349,0,0
465000,406.1818182,18.57766332,61.14866136,0,0
465300,406,18.56359817,61.19090634,0,0
465600,406,18.54791013,61.22124876,0,0
465900,406,18.52928541,61.25576058,0,0
466200,406,18.51954801,61.283222,0,0
466500,406,18.50753082,61.30260423,0,0
466800,406,18.49729109,61.31970381,0,0
467100,406,18.48755369,61.33979232,0,0
467400,406,18.47642524,61.34710481,0,0
467700,406,18.46885171,61.35654519,0,0
468000,405.25,18.45973256,61.36810864,0,0
468300,405,18.45057477,61.38030491,0,0
468600,405,18.43886671,61.38686608,0,0
468900,405,18.43191143,61.3860044,0,0
469200,405,18.42294685,61.39520281,0,0
469500,405,18.4170735,61.39744457,0,0
469800,405,18.40892037,61.41032477,0,0
470100,405,18.40177189,61.41140056,0,0
470400,405,18.39574398,61.41105129,0,0
470700,405,18.38647027,61.41214579,0,0
471000,405,18.3817175,61.4117345,0,0
471300,405,18.37812394,61.41426114,0,0
471600,405,18.37209604,61.4144622,0,0
471900,405,18.36429067,61.41736699,0,0
472200,405,18.35725812,61.41929478,0,0
472500,405,18.35196438,61.42372439,0,0
472800,404.8333333,18.34427494,61.42320555,0,0
473100,404,18.33581269,61.41172533,0,0
473400,404,18.32897334,61.41378993,0,0
473700,404,18.32178622,61.41054515,0,0
474000,404,18.31877227,61.39955473,0,0
474300,404,18.31969964,61.37064668,0,0
474600,404,18.32986206,61.32061685,0,0
474900,404,18.34520231,61.258145,0,0
475200,404,18.36684094,61.1720639,0,0
475500,404,18.37997868,61.09172688,0,0
475800,404,18.40211965,61.01221474,0,0
476100,404,18.42171035,60.9515368,0,0
476400,404,18.43376617,60.88861439,0,0
476700,404,18.45440017,60.84013079,0,0
477000,404,18.46576047,60.79973862,0,0
477300,404,18.47777765,60.7560299,0,0
477600,404,18.49033581,60.71963031,0,0
477900,403.8181818,18.5045555,60.69118862,0,0
478200,403,18.51954801,60.64329673,3.33,0.026307
478500,403,18.52283245,60.6240567,3.33,0.026307
478800,403,18.52233012,60.63835013,3.33,0.026307
479100,403,18.52372118,60.64960175,3.103636364,0.024518727
479400,403,18.52835804,60.68350661,3.33,0.026307
479700,403,18.51815695,60.73523421,3.33,0.026307
480000,403.4545455,18.50838091,60.81951035,4.1,0.03239
480300,404,18.46900627,60.97421582,4.092727273,0.032332545
480600,404,18.4225218,61.21865261,2.7075,0.02138925
480900,404,18.4170735,61.28718562,3.33,0.026307
481200,404,18.40934541,61.34979869,4.622727273,0.036519545
481500,404,18.40640874,61.42586275,7.914166667,0.062521917
481800,404,18.40269926,61.49375537,8.788181818,0.069426636
482100,404,18.39616902,61.5694179,8.33,0.065807
482400,404,18.39249818,61.6349781,11.97090909,0.094570182
482700,404,18.38426777,61.69174956,18.95916667,0.149777417
483000,404.9166667,18.38229711,61.75536062,21.89636364,0.172981273
483300,405,18.37279156,61.81036671,24.3775,0.19258225
483600,404.4166667,18.28075013,62.06193514,10.83,0.085557
483900,404.0909091,18.2784317,62.07548556,10.6225,0.08391775
484200,405,18.29326961,62.07122783,14.92454545,0.117903909
484500,405,18.30115225,62.06656254,20.67909091,0.163364818
484800,405,18.30520949,62.05966509,31.59666667,0.249613667
485100,405,18.31413542,62.04438868,39.09272727,0.308832545
485400,405,18.31711073,62.03514864,36.94416667,0.291858917
485700,405,18.32340912,62.03116126,39.09090909,0.308818182
486000,405,18.32518658,62.019742,50.9,0.40211
486300,405,18.32758228,62.00953983,56.13636364,0.443477273
486600,404.9090909,18.33156224,61.97863869,74.54454545,0.588901909
486900,404.6363636,18.33407387,61.96619903,66.875,0.5283125
487200,404,18.33778335,61.9567421,62.04727273,0.490173455
487500,404,18.33836295,61.93895268,56.11,0.443269
487800,404,18.33361018,61.93722354,35.15272727,0.277706545
488100,404,18.32773684,61.93979556,32.70833333,0.258395833
488400,404,18.3271186,61.94247224,39.54727273,0.312423455
488700,404,18.33071215,61.92831085,42.1525,0.33300475
489000,404,18.34473862,61.88548601,56.51545455,0.446472091
489300,404,18.37151643,61.81635396,76.66666667,0.605666667
489600,404,18.3980624,61.72315346,106.5909091,0.842068182
489900,404,18.42217404,61.63650286,105.6827273,0.834893546
490200,404,18.45780053,61.54416329,131.5975,1.03962025
490500,404,18.48894475,61.4366706,190.8327273,1.507578546
490800,404,18.51900704,61.34138623,161.1116667,1.272782167
491100,404,18.54505073,61.27891972,102.9545455,0.813340909
491400,404,18.56618709,61.22822692,81.52833333,0.644073833
491700,404,18.59002828,61.18257766,94.31818182,0.745113636
492000,404,18.60718467,61.12447155,109.5463636,0.865416272
492300,404,18.62441835,61.09415529,100.6933333,0.795477333
492600,404,18.64103378,61.06922811,109.7736364,0.867211728
492900,404,18.65459661,61.03601141,135.4166667,1.069791667
493200,404,18.66931866,61.00251124,148.8636364,1.176022728
493500,404,18.6818382,60.98533894,186.97,1.477063
493800,404,18.69285076,60.9759296,223.7508333,1.767631583
494100,403.6666667,18.69667617,60.98200998,237.6509091,1.877442182
494400,403.1818182,18.69667617,61.00315422,237.3625,1.87516375
494700,403,18.69667617,61.02217979,240.1509091,1.897192182
495000,403,18.70305187,61.03563358,268.3333333,2.119833333
495300,403,18.70038567,61.04728027,270.7563636,2.138975272
495600,403,18.70687728,61.06845214,283.8883333,2.242717833
495900,403,18.70734097,61.08678049,251.8936364,1.989959728
496200,403,18.70873203,61.1041385,263.7872727,2.083919454
496500,403,18.71835353,61.13008666,279.0958333,2.204857083
496800,403,18.71615102,61.15332402,253.7118182,2.004323364
497100,403,18.73152997,61.14985786,553.1933333,4.370227333
497400,403,18.73516218,61.18987243,522.2727273,4.125954546
497700,403,18.7391808,61.20850726,497.57,3.930803
498000,403,18.75556441,61.19343962,482.7254545,3.813531091
498300,403,18.78199458,61.1423859,521.9718182,4.123577364
498600,403,18.81228881,61.09003491,556.6675,4.39767325
498900,403,18.83624599,61.06016309,526.74,4.161246
499200,403,18.85564359,61.07355046,515.7641667,4.074536917
499500,403,18.85664824,61.12374493,435.5309091,3.440694182
499800,403,18.8675449,61.16646583,481.805,3.8062595
500100,403,18.88632425,61.18728745,542.7272727,4.287545454
500400,403,18.90324886,61.20555855,612.2208333,4.836544583
500700,403,18.91553659,61.25132201,648.6372727,5.124234454
501000,402.7272727,18.96515121,61.17698798,824.3190909,6.512120818
501300,402,19.02226215,61.02728578,1000.138333,7.901092831
501600,402,19.05788888,60.92057571,836.5145455,6.608464909
501900,402.4545455,19.08814457,60.86541039,790.8325,6.24757675
502200,403,19.11399522,60.87652563,875.6045455,6.917275909
502500,403,19.14765131,60.93926746,854.3758333,6.749569083
502800,403,19.17983907,61.03503151,842.5754545,6.656346091
503100,403.9090909,19.206308,61.23054734,871.06,6.881374
503400,404,19.2266717,61.47768627,836.4583333,6.608020833
503700,404,19.24939249,61.71197158,787.6518182,6.222449364
504000,404.7272727,19.27431581,61.90077891,809.1666667,6.392416667
504300,405,19.29900729,62.04385851,872.65,6.893935
504600,405,19.33339763,62.0904805,918.5425,7.25648575
504900,404.4166667,19.37227032,62.06903836,972.0463636,7.679166272
505200,404,19.41543217,61.98272697,1023.4025,8.08487975
505500,404,19.45295246,61.90213111,1025.000909,8.097507181
505800,404,19.47961468,61.84086528,978.1072727,7.727047454
506100,404,19.51276858,61.76515297,954.7208333,7.542294583
506400,404,19.53270729,61.72797275,809.9236364,6.398396728
506700,404,19.53657138,61.72986775,683.6808333,5.401078583
507000,404,19.54708172,61.71393477,690.4536364,5.454583728
507300,404,19.56504975,61.65427773,706.32,5.579928
507600,403.8333333,19.5693389,61.54136677,669.6972727,5.290608454
507900,402.6363636,19.57567601,61.28684447,676.7366667,5.346219667
508200,402,19.57675796,60.97624531,645.0754545,5.096096091
508500,402,19.57861272,60.74144989,666.7436364,5.267274728
508800,402,19.58417702,60.73288964,648.9575,5.12676425
509100,402,19.58417702,60.77789865,642.8018182,5.078134364
509400,402.8181818,19.5569738,60.87681244,600.6941667,4.745483917
509700,403,19.55264601,60.91086319,554.3936364,4.379709728
510000,403,19.55824895,60.93011728,600.3475,4.74274525
510300,403,19.54522695,61.02818425,665.3045455,5.255905909
510600,403,19.52892048,61.11219794,750.4175,5.92829825
510900,403,19.53409837,61.11729395,791.2872727,6.251169454
511200,403,19.55774661,61.05427698,881.2127273,6.961580546
511500,403,19.55994915,61.09132225,884.79,6.989841
